{
    "code": 0,
    "msg":"success","total":3,"total_count": 3,
    "data":[
        {
            "series":[
                {
                    "name":"新增关注",
                    "data":[120, 132, 101, 134, 90, 230, 210]
                },{
                    "name":"流失关注",
                    "data":[220, 182, 191, 234, 290, 330, 310]
                },{
                    "name":"净增关注",
                    "data":[150, 232, 201, 154, 190, 330, 410]
                }
            ],
            "date":["2016-08-10","2016-08-11","2016-08-12","2016-08-13","2016-08-14","2016-08-15","2016-08-16"]
        }
    ]
}