{
    "code": 0,
    "msg":"success","total":3,"total_count": 3,
    "data":[
        {
            "series":[
                {
                    "name":"新增关注",
                    "data":[
                        120, 132, 101, 134, 90, 230, 210, 170,
                        120, 132, 101, 134, 90, 230, 210, 170,
                        120, 132, 101, 134, 90, 230, 210, 170
                    ]
                },{
                    "name":"流失关注",
                    "data":[
                        220, 182, 191, 234, 290, 330, 310, 260,
                        220, 182, 191, 234, 290, 330, 310, 260,
                        220, 182, 191, 234, 290, 330, 310, 260
                    ]
                },{
                    "name":"净增关注",
                    "data":[
                        150, 232, 201, 154, 190, 330, 410, 380,
                        150, 232, 201, 154, 190, 330, 410, 380,
                        150, 232, 201, 154, 190, 330, 410, 380
                    ]
                }
            ],
            "date":[
                "00:00","01:00","02:00","03:00","04:00","05:00","06:00","07:00",
                "08:00","09:00","10:00","11:00","12:00","13:00","14:00","15:00",
                "16:00","17:00","18:00","19:00","20:00","21:00","22:00","23:00"
            ]
        }
    ]
}