{
    "code": 0,
    "msg":"success","total":3,"total_count": 3,
    "data":[
        {
            "series":[
                {
                    "name":"新增关注",
                    "data":[
                        120, 132, 101, 134, 90, 230,
                        120, 132, 101, 134, 90, 230,
                        120, 132, 101, 134, 90, 230,
                        120, 132, 101, 134, 90, 230,
                        120, 132, 101, 134, 90, 230
                    ]
                },{
                    "name":"流失关注",
                    "data":[
                        220, 182, 191, 234, 290, 330,
                        220, 182, 191, 234, 290, 330,
                        220, 182, 191, 234, 290, 330,
                        220, 182, 191, 234, 290, 330,
                        220, 182, 191, 234, 290, 330
                    ]
                },{
                    "name":"净增关注",
                    "data":[
                        150, 232, 201, 154, 190, 330,
                        150, 232, 201, 154, 190, 330,
                        150, 232, 201, 154, 190, 330,
                        150, 232, 201, 154, 190, 330,
                        150, 232, 201, 154, 190, 330
                    ]
                }
            ],
            "date":[
                "2016-07-17","2016-07-18","2016-07-19","2016-07-20","2016-07-21","2016-07-22",
                "2016-07-23","2016-07-24","2016-07-25","2016-07-26","2016-07-27","2016-07-28",
                "2016-07-29","2016-07-30","2016-07-31","2016-08-01","2016-08-02","2016-08-03",
                "2016-08-04","2016-08-05","2016-08-06","2016-08-07","2016-08-08","2016-08-09",
                "2016-08-10","2016-08-11","2016-08-12","2016-08-13","2016-08-14","2016-08-15"
            ]
        }
    ]
}