[
    {
        "name": ">8个月孕龄的孕期准妈妈",
        "type": "scatter",
       
        "data": [
            [0, 0], [50, 80], [100, 60], [150, 80], [200, 100], [250, 60], [300, 0]

        ],

        "markPoint": {
            "data": [
                {"type": "max", "name": "100"},
                {"type": "min", "name": "0"}
            ]
        },
        "markLine": {
            "data": [
                {"type": "average", "name": "54"}
            ]
        }
    }
]