{
  "code": 0,
  "msg": "success",
  "total": 8,
  "data": [
    {
      "head_image_url": "http://ss0.bdstatic.com/5aV1bjqh_Q23odCf/static/superman/img/logo/bd_logo1_31bdc765.png",
      "gender": "女",
      "name": "April",
      "id": 30,
      "age": 46
    },
    {
      "head_image_url": "http://ss0.bdstatic.com/5aV1bjqh_Q23odCf/static/superman/img/logo/bd_logo1_31bdc765.png",
      "gender": "不确定",
      "name": "Heli-Omar",
      "id": 52,
      "age": 46
    },
    {
      "head_image_url": "http://ss0.bdstatic.com/5aV1bjqh_Q23odCf/static/superman/img/logo/bd_logo1_31bdc765.png",
      "gender": "不确定",
      "name": "doeasy",
      "id": 64,
      "age": 46
    },
    {
      "head_image_url": "http://ss0.bdstatic.com/5aV1bjqh_Q23odCf/static/superman/img/logo/bd_logo1_31bdc765.png",
      "gender": "男",
      "name": "xiaoy解说9527",
      "id": 67,
      "age": 46
    },
    {
      "head_image_url": "http://ss0.bdstatic.com/5aV1bjqh_Q23odCf/static/superman/img/logo/bd_logo1_31bdc765.png",
      "gender": "不确定",
      "name": "Zao",
      "id": 78,
      "age": 46
    },
    {
      "head_image_url": "http://ss0.bdstatic.com/5aV1bjqh_Q23odCf/static/superman/img/logo/bd_logo1_31bdc765.png",
      "gender": "不确定",
      "name": "Mark",
      "id": 83,
      "age": 46
    },
    {
      "head_image_url": "http://ss0.bdstatic.com/5aV1bjqh_Q23odCf/static/superman/img/logo/bd_logo1_31bdc765.png",
      "gender": "不确定",
      "name": "A山西抵押车",
      "id": 86,
      "age": 46
    },
    {
      "head_image_url": "http://ss0.bdstatic.com/5aV1bjqh_Q23odCf/static/superman/img/logo/bd_logo1_31bdc765.png",
      "gender": "不确定",
      "name": "a          ",
      "id": 89,
      "age": 46
    }
  ],
  "total_count": 8,
  "col_names": []
}