{
  "code": 0,
  "data": [
    {
      "children": [
        {
          "text": "市场营销",
          "url": "",
          "logoutUrl": "http://MarketingCloud?jsessionid=g9qtzZIIhrWamfLuXC0v%2FQXtjp77VnC2iOSZ6ZuivFzOzc7VA7gFSw%3D%3D",
          "state": "closed",
          "children": [
            {
              "text": "受众管理",
              "url": "",
              "logoutUrl": "http://MarketingCloud?jsessionid=g9qtzZIIhrWamfLuXC0v%2FQXtjp77VnC2iOSZ6ZuivFzOzc7VA7gFSw%3D%3D",
              "state": "closed",
              "children": [
                {
                  "text": "细分管理",
                  "url": "",
                  "logoutUrl": "http://MarketingCloud?jsessionid=g9qtzZIIhrWamfLuXC0v%2FQXtjp77VnC2iOSZ6ZuivFzOzc7VA7gFSw%3D%3D",
                  "children": []
                },
                {
                  "id": "583d9ab456594feab2a1b2199ed4ad09",
                  "parentId": "2482079767fd452c9f1d5dc1c95068c3",
                  "dataType": "PAGE",
                  "dataId": "ff808081562f63d30156301382be000a",
                  "orderNumber": 4,
                  "maintenance": "0",
                  "mtInfo": "",
                  "text": "受众细分",
                  "name": "受众细分",
                  "url": "",
                  "logoutUrl": "http://MarketingCloud?jsessionid=g9qtzZIIhrWamfLuXC0v%2FQXtjp77VnC2iOSZ6ZuivFzOzc7VA7gFSw%3D%3D",
                  "children": [],
                  "portal": {
                    "createUserId": "002001",
                    "iconCls": "",
                    "id": "003001",
                    "insertTime": {
                      "date": 22,
                      "day": 1,
                      "hours": 0,
                      "minutes": 0,
                      "month": 8,
                      "nanos": 0,
                      "seconds": 0,
                      "time": 1411315200000,
                      "timezoneOffset": -480,
                      "year": 114
                    },
                    "name": "瑞雪",
                    "remark": "瑞雪",
                    "ssid": "d39f769bea5c4a13a64e0ddd42b3c2f2",
                    "updateTime": null,
                    "updateUserId": "",
                    "uri": "portal"
                  }
                },
                {
                  "id": "134c63fe05274f189b661db6660714d2",
                  "parentId": "2482079767fd452c9f1d5dc1c95068c3",
                  "dataType": "PAGE",
                  "dataId": "ff808081562f63d301563013f23b000e",
                  "orderNumber": 5,
                  "maintenance": "0",
                  "mtInfo": "",
                  "text": "人群管理",
                  "name": "人群管理",
                  "url": "",
                  "logoutUrl": "http://MarketingCloud?jsessionid=g9qtzZIIhrWamfLuXC0v%2FQXtjp77VnC2iOSZ6ZuivFzOzc7VA7gFSw%3D%3D",
                  "children": [],
                  "portal": {
                    "createUserId": "002001",
                    "iconCls": "",
                    "id": "003001",
                    "insertTime": {
                      "date": 22,
                      "day": 1,
                      "hours": 0,
                      "minutes": 0,
                      "month": 8,
                      "nanos": 0,
                      "seconds": 0,
                      "time": 1411315200000,
                      "timezoneOffset": -480,
                      "year": 114
                    },
                    "name": "瑞雪",
                    "remark": "瑞雪",
                    "ssid": "d39f769bea5c4a13a64e0ddd42b3c2f2",
                    "updateTime": null,
                    "updateUserId": "",
                    "uri": "portal"
                  }
                }
              ]
            },
            {
              "id": "ce9847fc9de14b05833d204fc7edba6a",
              "parentId": "f028e6a8bb1642528ec1346b2e35c1fd",
              "dataType": "PAGE",
              "dataId": "ff808081562f63d301563014561b0010",
              "orderNumber": 6,
              "maintenance": "0",
              "mtInfo": "",
              "text": "营销活动",
              "name": "营销活动",
              "url": "",
              "logoutUrl": "http://MarketingCloud?jsessionid=g9qtzZIIhrWamfLuXC0v%2FQXtjp77VnC2iOSZ6ZuivFzOzc7VA7gFSw%3D%3D",
              "state": "closed",
              "portal": {
                "createUserId": "002001",
                "iconCls": "",
                "id": "003001",
                "insertTime": {
                  "date": 22,
                  "day": 1,
                  "hours": 0,
                  "minutes": 0,
                  "month": 8,
                  "nanos": 0,
                  "seconds": 0,
                  "time": 1411315200000,
                  "timezoneOffset": -480,
                  "year": 114
                },
                "name": "瑞雪",
                "remark": "瑞雪",
                "ssid": "d39f769bea5c4a13a64e0ddd42b3c2f2",
                "updateTime": null,
                "updateUserId": "",
                "uri": "portal"
              },
              "children": [
                {
                  "id": "6c8d16e40787453b88c945366620524f",
                  "parentId": "ce9847fc9de14b05833d204fc7edba6a",
                  "dataType": "PAGE",
                  "dataId": "ff808081562f63d301563014a8430012",
                  "orderNumber": 7,
                  "maintenance": "0",
                  "mtInfo": "",
                  "text": "活动编排",
                  "name": "活动编排",
                  "url": "",
                  "logoutUrl": "http://MarketingCloud?jsessionid=g9qtzZIIhrWamfLuXC0v%2FQXtjp77VnC2iOSZ6ZuivFzOzc7VA7gFSw%3D%3D",
                  "children": [],
                  "portal": {
                    "createUserId": "002001",
                    "iconCls": "",
                    "id": "003001",
                    "insertTime": {
                      "date": 22,
                      "day": 1,
                      "hours": 0,
                      "minutes": 0,
                      "month": 8,
                      "nanos": 0,
                      "seconds": 0,
                      "time": 1411315200000,
                      "timezoneOffset": -480,
                      "year": 114
                    },
                    "name": "瑞雪",
                    "remark": "瑞雪",
                    "ssid": "d39f769bea5c4a13a64e0ddd42b3c2f2",
                    "updateTime": null,
                    "updateUserId": "",
                    "uri": "portal"
                  }
                },
                {
                  "id": "dd40105276bc48faba6174551300f4a4",
                  "parentId": "ce9847fc9de14b05833d204fc7edba6a",
                  "dataType": "PAGE",
                  "dataId": "ff808081562f63d301563014d93f0014",
                  "orderNumber": 8,
                  "maintenance": "0",
                  "mtInfo": "",
                  "text": "活动管理",
                  "name": "活动管理",
                  "url": "",
                  "logoutUrl": "http://MarketingCloud?jsessionid=g9qtzZIIhrWamfLuXC0v%2FQXtjp77VnC2iOSZ6ZuivFzOzc7VA7gFSw%3D%3D",
                  "children": [],
                  "portal": {
                    "createUserId": "002001",
                    "iconCls": "",
                    "id": "003001",
                    "insertTime": {
                      "date": 22,
                      "day": 1,
                      "hours": 0,
                      "minutes": 0,
                      "month": 8,
                      "nanos": 0,
                      "seconds": 0,
                      "time": 1411315200000,
                      "timezoneOffset": -480,
                      "year": 114
                    },
                    "name": "瑞雪",
                    "remark": "瑞雪",
                    "ssid": "d39f769bea5c4a13a64e0ddd42b3c2f2",
                    "updateTime": null,
                    "updateUserId": "",
                    "uri": "portal"
                  }
                }
              ]
            },
            {
              "id": "bb6ff0840559420888fb971b15f43622",
              "parentId": "f028e6a8bb1642528ec1346b2e35c1fd",
              "dataType": "PAGE",
              "dataId": "ff808081562f63d3015630154df00016",
              "orderNumber": 9,
              "maintenance": "0",
              "mtInfo": "",
              "text": "数字资产",
              "name": "数字资产",
              "url": "",
              "logoutUrl": "http://MarketingCloud?jsessionid=g9qtzZIIhrWamfLuXC0v%2FQXtjp77VnC2iOSZ6ZuivFzOzc7VA7gFSw%3D%3D",
              "state": "closed",
              "portal": {
                "createUserId": "002001",
                "iconCls": "",
                "id": "003001",
                "insertTime": {
                  "date": 22,
                  "day": 1,
                  "hours": 0,
                  "minutes": 0,
                  "month": 8,
                  "nanos": 0,
                  "seconds": 0,
                  "time": 1411315200000,
                  "timezoneOffset": -480,
                  "year": 114
                },
                "name": "瑞雪",
                "remark": "瑞雪",
                "ssid": "d39f769bea5c4a13a64e0ddd42b3c2f2",
                "updateTime": null,
                "updateUserId": "",
                "uri": "portal"
              },
              "children": [
                {
                  "id": "1756b179e541428da6ea3629cc443375",
                  "parentId": "bb6ff0840559420888fb971b15f43622",
                  "dataType": "PAGE",
                  "dataId": "ff808081562f63d301563015ba580018",
                  "orderNumber": 10,
                  "maintenance": "0",
                  "mtInfo": "",
                  "text": "图文资产",
                  "name": "图文资产",
                  "url": "",
                  "logoutUrl": "http://MarketingCloud?jsessionid=g9qtzZIIhrWamfLuXC0v%2FQXtjp77VnC2iOSZ6ZuivFzOzc7VA7gFSw%3D%3D",
                  "children": [],
                  "portal": {
                    "createUserId": "002001",
                    "iconCls": "",
                    "id": "003001",
                    "insertTime": {
                      "date": 22,
                      "day": 1,
                      "hours": 0,
                      "minutes": 0,
                      "month": 8,
                      "nanos": 0,
                      "seconds": 0,
                      "time": 1411315200000,
                      "timezoneOffset": -480,
                      "year": 114
                    },
                    "name": "瑞雪",
                    "remark": "瑞雪",
                    "ssid": "d39f769bea5c4a13a64e0ddd42b3c2f2",
                    "updateTime": null,
                    "updateUserId": "",
                    "uri": "portal"
                  }
                },
                {
                  "id": "912e413928274d84b6fdf1e0c2438a2a",
                  "parentId": "bb6ff0840559420888fb971b15f43622",
                  "dataType": "PAGE",
                  "dataId": "ff808081562f63d30156301617e4001a",
                  "orderNumber": 11,
                  "maintenance": "0",
                  "mtInfo": "",
                  "text": "微信资产",
                  "name": "微信资产",
                  "url": "",
                  "logoutUrl": "http://MarketingCloud?jsessionid=g9qtzZIIhrWamfLuXC0v%2FQXtjp77VnC2iOSZ6ZuivFzOzc7VA7gFSw%3D%3D",
                  "children": [],
                  "portal": {
                    "createUserId": "002001",
                    "iconCls": "",
                    "id": "003001",
                    "insertTime": {
                      "date": 22,
                      "day": 1,
                      "hours": 0,
                      "minutes": 0,
                      "month": 8,
                      "nanos": 0,
                      "seconds": 0,
                      "time": 1411315200000,
                      "timezoneOffset": -480,
                      "year": 114
                    },
                    "name": "瑞雪",
                    "remark": "瑞雪",
                    "ssid": "d39f769bea5c4a13a64e0ddd42b3c2f2",
                    "updateTime": null,
                    "updateUserId": "",
                    "uri": "portal"
                  }
                }
              ]
            }
          ]
        },
        {
          "id": "b16c45f3e18b408b8c6f7d33d5e23e88",
          "parentId": "2817a86939df4d32a83b8903e372a7dd",
          "dataType": "PAGE",
          "dataId": "ff808081562ba8c601562bb137bc0009",
          "orderNumber": 12,
          "maintenance": "0",
          "mtInfo": "",
          "text": "DMP",
          "name": "DMP",
          "url": "",
          "logoutUrl": "http://MarketingCloud?jsessionid=g9qtzZIIhrWamfLuXC0v%2FQXtjp77VnC2iOSZ6ZuivFzOzc7VA7gFSw%3D%3D",
          "state": "closed",
          "portal": {
            "createUserId": "002001",
            "iconCls": "",
            "id": "003001",
            "insertTime": {
              "date": 22,
              "day": 1,
              "hours": 0,
              "minutes": 0,
              "month": 8,
              "nanos": 0,
              "seconds": 0,
              "time": 1411315200000,
              "timezoneOffset": -480,
              "year": 114
            },
            "name": "瑞雪",
            "remark": "瑞雪",
            "ssid": "d39f769bea5c4a13a64e0ddd42b3c2f2",
            "updateTime": null,
            "updateUserId": "",
            "uri": "portal"
          },
          "children": [
            {
              "id": "1b826fc0a1d04883bc0bf3830433a242",
              "parentId": "b16c45f3e18b408b8c6f7d33d5e23e88",
              "dataType": "PAGE",
              "dataId": "ff808081562f63d3015630166a34001c",
              "orderNumber": 13,
              "maintenance": "0",
              "mtInfo": "",
              "text": "数据接入",
              "name": "数据接入",
              "url": "",
              "logoutUrl": "http://MarketingCloud?jsessionid=g9qtzZIIhrWamfLuXC0v%2FQXtjp77VnC2iOSZ6ZuivFzOzc7VA7gFSw%3D%3D",
              "state": "closed",
              "portal": {
                "createUserId": "002001",
                "iconCls": "",
                "id": "003001",
                "insertTime": {
                  "date": 22,
                  "day": 1,
                  "hours": 0,
                  "minutes": 0,
                  "month": 8,
                  "nanos": 0,
                  "seconds": 0,
                  "time": 1411315200000,
                  "timezoneOffset": -480,
                  "year": 114
                },
                "name": "瑞雪",
                "remark": "瑞雪",
                "ssid": "d39f769bea5c4a13a64e0ddd42b3c2f2",
                "updateTime": null,
                "updateUserId": "",
                "uri": "portal"
              },
              "children": [
                {
                  "id": "0137e08dedb94e0aa8e1094ff347c367",
                  "parentId": "1b826fc0a1d04883bc0bf3830433a242",
                  "dataType": "PAGE",
                  "dataId": "ff808081562f63d3015630179d5f0020",
                  "orderNumber": 20,
                  "maintenance": "0",
                  "mtInfo": "",
                  "text": "文件接入",
                  "name": "文件接入",
                  "url": "",
                  "logoutUrl": "http://MarketingCloud?jsessionid=g9qtzZIIhrWamfLuXC0v%2FQXtjp77VnC2iOSZ6ZuivFzOzc7VA7gFSw%3D%3D",
                  "children": [],
                  "portal": {
                    "createUserId": "002001",
                    "iconCls": "",
                    "id": "003001",
                    "insertTime": {
                      "date": 22,
                      "day": 1,
                      "hours": 0,
                      "minutes": 0,
                      "month": 8,
                      "nanos": 0,
                      "seconds": 0,
                      "time": 1411315200000,
                      "timezoneOffset": -480,
                      "year": 114
                    },
                    "name": "瑞雪",
                    "remark": "瑞雪",
                    "ssid": "d39f769bea5c4a13a64e0ddd42b3c2f2",
                    "updateTime": null,
                    "updateUserId": "",
                    "uri": "portal"
                  }
                },
                {
                  "id": "4ed8da6bef114c05849a6194eb13b990",
                  "parentId": "1b826fc0a1d04883bc0bf3830433a242",
                  "dataType": "PAGE",
                  "dataId": "ff808081562f63d301563016b777001e",
                  "orderNumber": 21,
                  "maintenance": "0",
                  "mtInfo": "",
                  "text": "微信接入",
                  "name": "微信接入",
                  "url": "",
                  "logoutUrl": "http://MarketingCloud?jsessionid=g9qtzZIIhrWamfLuXC0v%2FQXtjp77VnC2iOSZ6ZuivFzOzc7VA7gFSw%3D%3D",
                  "children": [],
                  "portal": {
                    "createUserId": "002001",
                    "iconCls": "",
                    "id": "003001",
                    "insertTime": {
                      "date": 22,
                      "day": 1,
                      "hours": 0,
                      "minutes": 0,
                      "month": 8,
                      "nanos": 0,
                      "seconds": 0,
                      "time": 1411315200000,
                      "timezoneOffset": -480,
                      "year": 114
                    },
                    "name": "瑞雪",
                    "remark": "瑞雪",
                    "ssid": "d39f769bea5c4a13a64e0ddd42b3c2f2",
                    "updateTime": null,
                    "updateUserId": "",
                    "uri": "portal"
                  }
                }
              ]
            },
            {
              "id": "a3ee5cacbb194a77aedba6719b34d41b",
              "parentId": "b16c45f3e18b408b8c6f7d33d5e23e88",
              "dataType": "PAGE",
              "dataId": "ff808081562f63d30156301831340023",
              "orderNumber": 14,
              "maintenance": "0",
              "mtInfo": "",
              "text": "数据管理",
              "name": "数据管理",
              "url": "",
              "logoutUrl": "http://MarketingCloud?jsessionid=g9qtzZIIhrWamfLuXC0v%2FQXtjp77VnC2iOSZ6ZuivFzOzc7VA7gFSw%3D%3D",
              "state": "closed",
              "portal": {
                "createUserId": "002001",
                "iconCls": "",
                "id": "003001",
                "insertTime": {
                  "date": 22,
                  "day": 1,
                  "hours": 0,
                  "minutes": 0,
                  "month": 8,
                  "nanos": 0,
                  "seconds": 0,
                  "time": 1411315200000,
                  "timezoneOffset": -480,
                  "year": 114
                },
                "name": "瑞雪",
                "remark": "瑞雪",
                "ssid": "d39f769bea5c4a13a64e0ddd42b3c2f2",
                "updateTime": null,
                "updateUserId": "",
                "uri": "portal"
              },
              "children": [
                {
                  "id": "8b33b226729a49ab90abf6dd13f04953",
                  "parentId": "a3ee5cacbb194a77aedba6719b34d41b",
                  "dataType": "PAGE",
                  "dataId": "ff808081562f63d301563018889f0025",
                  "orderNumber": 18,
                  "maintenance": "0",
                  "mtInfo": "",
                  "text": "数据质量报告",
                  "name": "数据质量报告",
                  "url": "",
                  "logoutUrl": "http://MarketingCloud?jsessionid=g9qtzZIIhrWamfLuXC0v%2FQXtjp77VnC2iOSZ6ZuivFzOzc7VA7gFSw%3D%3D",
                  "children": [],
                  "portal": {
                    "createUserId": "002001",
                    "iconCls": "",
                    "id": "003001",
                    "insertTime": {
                      "date": 22,
                      "day": 1,
                      "hours": 0,
                      "minutes": 0,
                      "month": 8,
                      "nanos": 0,
                      "seconds": 0,
                      "time": 1411315200000,
                      "timezoneOffset": -480,
                      "year": 114
                    },
                    "name": "瑞雪",
                    "remark": "瑞雪",
                    "ssid": "d39f769bea5c4a13a64e0ddd42b3c2f2",
                    "updateTime": null,
                    "updateUserId": "",
                    "uri": "portal"
                  }
                },
                {
                  "id": "199d1706e9824b9cbedfb73805dd3324",
                  "parentId": "a3ee5cacbb194a77aedba6719b34d41b",
                  "dataType": "PAGE",
                  "dataId": "ff808081562f63d301563018d9ba0027",
                  "orderNumber": 19,
                  "maintenance": "0",
                  "mtInfo": "",
                  "text": "主数据管理",
                  "name": "主数据管理",
                  "url": "",
                  "logoutUrl": "http://MarketingCloud?jsessionid=g9qtzZIIhrWamfLuXC0v%2FQXtjp77VnC2iOSZ6ZuivFzOzc7VA7gFSw%3D%3D",
                  "children": [],
                  "portal": {
                    "createUserId": "002001",
                    "iconCls": "",
                    "id": "003001",
                    "insertTime": {
                      "date": 22,
                      "day": 1,
                      "hours": 0,
                      "minutes": 0,
                      "month": 8,
                      "nanos": 0,
                      "seconds": 0,
                      "time": 1411315200000,
                      "timezoneOffset": -480,
                      "year": 114
                    },
                    "name": "瑞雪",
                    "remark": "瑞雪",
                    "ssid": "d39f769bea5c4a13a64e0ddd42b3c2f2",
                    "updateTime": null,
                    "updateUserId": "",
                    "uri": "portal"
                  }
                }
              ]
            },
            {
              "id": "34ab8c3eabe54c9d9b1a30298f7cb8dd",
              "parentId": "b16c45f3e18b408b8c6f7d33d5e23e88",
              "dataType": "PAGE",
              "dataId": "ff808081562f63d3015630194b860029",
              "orderNumber": 15,
              "maintenance": "0",
              "mtInfo": "",
              "text": "标签管理",
              "name": "标签管理",
              "url": "",
              "logoutUrl": "http://MarketingCloud?jsessionid=g9qtzZIIhrWamfLuXC0v%2FQXtjp77VnC2iOSZ6ZuivFzOzc7VA7gFSw%3D%3D",
              "state": "closed",
              "portal": {
                "createUserId": "002001",
                "iconCls": "",
                "id": "003001",
                "insertTime": {
                  "date": 22,
                  "day": 1,
                  "hours": 0,
                  "minutes": 0,
                  "month": 8,
                  "nanos": 0,
                  "seconds": 0,
                  "time": 1411315200000,
                  "timezoneOffset": -480,
                  "year": 114
                },
                "name": "瑞雪",
                "remark": "瑞雪",
                "ssid": "d39f769bea5c4a13a64e0ddd42b3c2f2",
                "updateTime": null,
                "updateUserId": "",
                "uri": "portal"
              },
              "children": [
                {
                  "id": "910c450707f949789e18469303f1addf",
                  "parentId": "34ab8c3eabe54c9d9b1a30298f7cb8dd",
                  "dataType": "PAGE",
                  "dataId": "ff808081562f63d301563019a14d002b",
                  "orderNumber": 16,
                  "maintenance": "0",
                  "mtInfo": "",
                  "text": "系统标签",
                  "name": "系统标签",
                  "url": "",
                  "logoutUrl": "http://MarketingCloud?jsessionid=g9qtzZIIhrWamfLuXC0v%2FQXtjp77VnC2iOSZ6ZuivFzOzc7VA7gFSw%3D%3D",
                  "children": [],
                  "portal": {
                    "createUserId": "002001",
                    "iconCls": "",
                    "id": "003001",
                    "insertTime": {
                      "date": 22,
                      "day": 1,
                      "hours": 0,
                      "minutes": 0,
                      "month": 8,
                      "nanos": 0,
                      "seconds": 0,
                      "time": 1411315200000,
                      "timezoneOffset": -480,
                      "year": 114
                    },
                    "name": "瑞雪",
                    "remark": "瑞雪",
                    "ssid": "d39f769bea5c4a13a64e0ddd42b3c2f2",
                    "updateTime": null,
                    "updateUserId": "",
                    "uri": "portal"
                  }
                },
                {
                  "id": "575ef77448e046bfadbdc44dbff83177",
                  "parentId": "34ab8c3eabe54c9d9b1a30298f7cb8dd",
                  "dataType": "PAGE",
                  "dataId": "ff808081562f63d301563019d7a6002d",
                  "orderNumber": 17,
                  "maintenance": "0",
                  "mtInfo": "",
                  "text": "自定义标签",
                  "name": "自定义标签",
                  "url": "",
                  "logoutUrl": "http://MarketingCloud?jsessionid=g9qtzZIIhrWamfLuXC0v%2FQXtjp77VnC2iOSZ6ZuivFzOzc7VA7gFSw%3D%3D",
                  "children": [],
                  "portal": {
                    "createUserId": "002001",
                    "iconCls": "",
                    "id": "003001",
                    "insertTime": {
                      "date": 22,
                      "day": 1,
                      "hours": 0,
                      "minutes": 0,
                      "month": 8,
                      "nanos": 0,
                      "seconds": 0,
                      "time": 1411315200000,
                      "timezoneOffset": -480,
                      "year": 114
                    },
                    "name": "瑞雪",
                    "remark": "瑞雪",
                    "ssid": "d39f769bea5c4a13a64e0ddd42b3c2f2",
                    "updateTime": null,
                    "updateUserId": "",
                    "uri": "portal"
                  }
                }
              ]
            }
          ]
        },
        {
          "id": "9921e1cfeaa34c8a900f48caaef1c56b",
          "parentId": "2817a86939df4d32a83b8903e372a7dd",
          "dataType": "PAGE",
          "dataId": "ff808081562f63d301562fe794e70002",
          "orderNumber": 22,
          "maintenance": "0",
          "mtInfo": "",
          "text": "数据洞察",
          "name": "数据洞察",
          "url": "",
          "logoutUrl": "http://MarketingCloud?jsessionid=g9qtzZIIhrWamfLuXC0v%2FQXtjp77VnC2iOSZ6ZuivFzOzc7VA7gFSw%3D%3D",
          "state": "closed",
          "portal": {
            "createUserId": "002001",
            "iconCls": "",
            "id": "003001",
            "insertTime": {
              "date": 22,
              "day": 1,
              "hours": 0,
              "minutes": 0,
              "month": 8,
              "nanos": 0,
              "seconds": 0,
              "time": 1411315200000,
              "timezoneOffset": -480,
              "year": 114
            },
            "name": "瑞雪",
            "remark": "瑞雪",
            "ssid": "d39f769bea5c4a13a64e0ddd42b3c2f2",
            "updateTime": null,
            "updateUserId": "",
            "uri": "portal"
          },
          "children": [
            {
              "id": "9ad4e510e05b41dd86b623c1059510d4",
              "parentId": "9921e1cfeaa34c8a900f48caaef1c56b",
              "dataType": "PAGE",
              "dataId": "ff808081562f63d30156301dd62b0031",
              "orderNumber": 23,
              "maintenance": "0",
              "mtInfo": "",
              "text": "数据洞察",
              "name": "数据洞察",
              "url": "",
              "logoutUrl": "http://MarketingCloud?jsessionid=g9qtzZIIhrWamfLuXC0v%2FQXtjp77VnC2iOSZ6ZuivFzOzc7VA7gFSw%3D%3D",
              "state": "closed",
              "portal": {
                "createUserId": "002001",
                "iconCls": "",
                "id": "003001",
                "insertTime": {
                  "date": 22,
                  "day": 1,
                  "hours": 0,
                  "minutes": 0,
                  "month": 8,
                  "nanos": 0,
                  "seconds": 0,
                  "time": 1411315200000,
                  "timezoneOffset": -480,
                  "year": 114
                },
                "name": "瑞雪",
                "remark": "瑞雪",
                "ssid": "d39f769bea5c4a13a64e0ddd42b3c2f2",
                "updateTime": null,
                "updateUserId": "",
                "uri": "portal"
              },
              "children": [
                {
                  "id": "8a7188befba544e88fdff9eb7a07d240",
                  "parentId": "9ad4e510e05b41dd86b623c1059510d4",
                  "dataType": "PAGE",
                  "dataId": "ff808081562f63d30156301e35f50033",
                  "orderNumber": 24,
                  "maintenance": "0",
                  "mtInfo": "",
                  "text": "综合分析",
                  "name": "综合分析",
                  "url": "",
                  "logoutUrl": "http://MarketingCloud?jsessionid=g9qtzZIIhrWamfLuXC0v%2FQXtjp77VnC2iOSZ6ZuivFzOzc7VA7gFSw%3D%3D",
                  "children": [],
                  "portal": {
                    "createUserId": "002001",
                    "iconCls": "",
                    "id": "003001",
                    "insertTime": {
                      "date": 22,
                      "day": 1,
                      "hours": 0,
                      "minutes": 0,
                      "month": 8,
                      "nanos": 0,
                      "seconds": 0,
                      "time": 1411315200000,
                      "timezoneOffset": -480,
                      "year": 114
                    },
                    "name": "瑞雪",
                    "remark": "瑞雪",
                    "ssid": "d39f769bea5c4a13a64e0ddd42b3c2f2",
                    "updateTime": null,
                    "updateUserId": "",
                    "uri": "portal"
                  }
                },
                {
                  "id": "c97c8c79f58c4d2f81641414b4b9bdb7",
                  "parentId": "9ad4e510e05b41dd86b623c1059510d4",
                  "dataType": "PAGE",
                  "dataId": "ff808081562f63d30156301ead1b0035",
                  "orderNumber": 25,
                  "maintenance": "0",
                  "mtInfo": "",
                  "text": "定制报表",
                  "name": "定制报表",
                  "url": "",
                  "logoutUrl": "http://MarketingCloud?jsessionid=g9qtzZIIhrWamfLuXC0v%2FQXtjp77VnC2iOSZ6ZuivFzOzc7VA7gFSw%3D%3D",
                  "children": [],
                  "portal": {
                    "createUserId": "002001",
                    "iconCls": "",
                    "id": "003001",
                    "insertTime": {
                      "date": 22,
                      "day": 1,
                      "hours": 0,
                      "minutes": 0,
                      "month": 8,
                      "nanos": 0,
                      "seconds": 0,
                      "time": 1411315200000,
                      "timezoneOffset": -480,
                      "year": 114
                    },
                    "name": "瑞雪",
                    "remark": "瑞雪",
                    "ssid": "d39f769bea5c4a13a64e0ddd42b3c2f2",
                    "updateTime": null,
                    "updateUserId": "",
                    "uri": "portal"
                  }
                }
              ]
            }
          ]
        },
        {
          "id": "56cc7f0bbfdc4602aefafaf2bf98250c",
          "parentId": "2817a86939df4d32a83b8903e372a7dd",
          "dataType": "PAGE",
          "dataId": "ff808081562f63d301563011f6170004",
          "orderNumber": 23,
          "maintenance": "0",
          "mtInfo": "",
          "text": "首页",
          "name": "首页",
          "url": "",
          "logoutUrl": "http://MarketingCloud?jsessionid=g9qtzZIIhrWamfLuXC0v%2FQXtjp77VnC2iOSZ6ZuivFzOzc7VA7gFSw%3D%3D",
          "children": [],
          "portal": {
            "createUserId": "002001",
            "iconCls": "",
            "id": "003001",
            "insertTime": {
              "date": 22,
              "day": 1,
              "hours": 0,
              "minutes": 0,
              "month": 8,
              "nanos": 0,
              "seconds": 0,
              "time": 1411315200000,
              "timezoneOffset": -480,
              "year": 114
            },
            "name": "瑞雪",
            "remark": "瑞雪",
            "ssid": "d39f769bea5c4a13a64e0ddd42b3c2f2",
            "updateTime": null,
            "updateUserId": "",
            "uri": "portal"
          }
        }
      ]
    }
  ],
  "msg": ""
}