[
  [
    [
      {
        "name": "账号",
        "value": "iunhfviegjpqifo"
      },
      {
        "name": "姓名",
        "value": "张伟"
      },
      {
        "name": "性别",
        "value": "男"
      },
      {
        "name": "年龄",
        "value": "27"
      },
      {
        "name": "家庭地址",
        "value": "山西省潞城市"
      },
      {
        "name": "工作地址",
        "value": "内蒙古达尔罕茂明安联合旗"
      },
      {
        "name": "家庭情况",
        "value": "一般收入家庭"
      },
      {
        "name": "工作情况",
        "value": "工作不稳定且收入不稳定"
      },
      {
        "name": "会员等级",
        "value": "普通"
      },
      {
        "name": "手机",
        "value": "15828753723"
      },
      {
        "name": "邮箱",
        "value": "未知"
      },
      {
        "name": "微信号",
        "value": "12244462"
      },
      {
        "name": "QQ号",
        "value": "6576910844"
      },
      {
        "name": "微博号",
        "value": "heghyezqlb@gc.com"
      },
      {
        "name": "订单总数",
        "value": "995"
      },
      {
        "name": "订单总金额",
        "value": "40165"
      },
      {
        "name": "购物车商品数量",
        "value": "9"
      },
      {
        "name": "收藏商品数量",
        "value": "24"
      },
      {
        "name": "个人薪水",
        "value": "16845"
      },
      {
        "name": "线下活动参加次数",
        "value": "60"
      }
    ],
    [
      {
        "name": "账号",
        "value": "acydfjrcwchzftc"
      },
      {
        "name": "姓名",
        "value": "张龙"
      },
      {
        "name": "性别",
        "value": "男"
      },
      {
        "name": "年龄",
        "value": "33"
      },
      {
        "name": "家庭地址",
        "value": "内蒙古达尔罕茂明安联合旗"
      },
      {
        "name": "工作地址",
        "value": "内蒙古达尔罕茂明安联合旗"
      },
      {
        "name": "家庭情况",
        "value": "高收入家庭"
      },
      {
        "name": "工作情况",
        "value": "工作不稳定但收入稳定"
      },
      {
        "name": "会员等级",
        "value": "VIP"
      },
      {
        "name": "手机",
        "value": "未知"
      },
      {
        "name": "邮箱",
        "value": "clzeazapjc@gc.com"
      },
      {
        "name": "微信号",
        "value": "58481460"
      },
      {
        "name": "QQ号",
        "value": "7426947584"
      },
      {
        "name": "微博号",
        "value": "未知"
      },
      {
        "name": "订单总数",
        "value": "1001"
      },
      {
        "name": "订单总金额",
        "value": "47859"
      },
      {
        "name": "购物车商品数量",
        "value": "5"
      },
      {
        "name": "收藏商品数量",
        "value": "25"
      },
      {
        "name": "个人薪水",
        "value": "18497"
      },
      {
        "name": "线下活动参加次数",
        "value": "55"
      }
    ],
    [
      {
        "name": "账号",
        "value": "lsqgvuhxtjcgtlt"
      },
      {
        "name": "姓名",
        "value": "张赟"
      },
      {
        "name": "性别",
        "value": "男"
      },
      {
        "name": "年龄",
        "value": "25"
      },
      {
        "name": "家庭地址",
        "value": "内蒙古包头市昆都仑区"
      },
      {
        "name": "工作地址",
        "value": "河北省正定县"
      },
      {
        "name": "家庭情况",
        "value": "中等收入家庭"
      },
      {
        "name": "工作情况",
        "value": "工作不稳定但收入稳定"
      },
      {
        "name": "会员等级",
        "value": "高级"
      },
      {
        "name": "手机",
        "value": "15844340811"
      },
      {
        "name": "邮箱",
        "value": "未知"
      },
      {
        "name": "微信号",
        "value": "11147702"
      },
      {
        "name": "QQ号",
        "value": "8430712530"
      },
      {
        "name": "微博号",
        "value": "未知"
      },
      {
        "name": "订单总数",
        "value": "1199"
      },
      {
        "name": "订单总金额",
        "value": "47560"
      },
      {
        "name": "购物车商品数量",
        "value": "5"
      },
      {
        "name": "收藏商品数量",
        "value": "24"
      },
      {
        "name": "个人薪水",
        "value": "15162"
      },
      {
        "name": "线下活动参加次数",
        "value": "58"
      }
    ],
    [
      {
        "name": "账号",
        "value": "sewoquniwvkrsee"
      },
      {
        "name": "姓名",
        "value": "张丽"
      },
      {
        "name": "性别",
        "value": "女"
      },
      {
        "name": "年龄",
        "value": "26"
      },
      {
        "name": "家庭地址",
        "value": "内蒙古达尔罕茂明安联合旗"
      },
      {
        "name": "工作地址",
        "value": "山西省朔州市平鲁区"
      },
      {
        "name": "家庭情况",
        "value": "一般收入家庭"
      },
      {
        "name": "工作情况",
        "value": "工作稳定但收入一般"
      },
      {
        "name": "会员等级",
        "value": "高级"
      },
      {
        "name": "手机",
        "value": "未知"
      },
      {
        "name": "邮箱",
        "value": "未知"
      },
      {
        "name": "微信号",
        "value": "43705897"
      },
      {
        "name": "QQ号",
        "value": "0375041857"
      },
      {
        "name": "微博号",
        "value": "未知"
      },
      {
        "name": "订单总数",
        "value": "1229"
      },
      {
        "name": "订单总金额",
        "value": "44115"
      },
      {
        "name": "购物车商品数量",
        "value": "5"
      },
      {
        "name": "收藏商品数量",
        "value": "27"
      },
      {
        "name": "个人薪水",
        "value": "18287"
      },
      {
        "name": "线下活动参加次数",
        "value": "71"
      }
    ],
    [
      {
        "name": "账号",
        "value": "bbjtgfrraqoclxk"
      },
      {
        "name": "姓名",
        "value": "张飞"
      },
      {
        "name": "性别",
        "value": "男"
      },
      {
        "name": "年龄",
        "value": "29"
      },
      {
        "name": "家庭地址",
        "value": "河北省正定县"
      },
      {
        "name": "工作地址",
        "value": "上海市黄浦区"
      },
      {
        "name": "家庭情况",
        "value": "高收入家庭"
      },
      {
        "name": "工作情况",
        "value": "工作稳定并且高收入"
      },
      {
        "name": "会员等级",
        "value": "普通"
      },
      {
        "name": "手机",
        "value": "15842680643"
      },
      {
        "name": "邮箱",
        "value": "未知"
      },
      {
        "name": "微信号",
        "value": "17338847"
      },
      {
        "name": "QQ号",
        "value": "8712572397"
      },
      {
        "name": "微博号",
        "value": "difovyqqvt@gc.com"
      },
      {
        "name": "订单总数",
        "value": "1275"
      },
      {
        "name": "订单总金额",
        "value": "49192"
      },
      {
        "name": "购物车商品数量",
        "value": "9"
      },
      {
        "name": "收藏商品数量",
        "value": "26"
      },
      {
        "name": "个人薪水",
        "value": "21490"
      },
      {
        "name": "线下活动参加次数",
        "value": "55"
      }
    ],
    [
      {
        "name": "账号",
        "value": "jyekvmdlnfbtwfu"
      },
      {
        "name": "姓名",
        "value": "张坤"
      },
      {
        "name": "性别",
        "value": "男"
      },
      {
        "name": "年龄",
        "value": "26"
      },
      {
        "name": "家庭地址",
        "value": "内蒙古包头市昆都仑区"
      },
      {
        "name": "工作地址",
        "value": "河北省保定市市辖区"
      },
      {
        "name": "家庭情况",
        "value": "中等收入家庭"
      },
      {
        "name": "工作情况",
        "value": "工作稳定并且高收入"
      },
      {
        "name": "会员等级",
        "value": "普通"
      },
      {
        "name": "手机",
        "value": "未知"
      },
      {
        "name": "邮箱",
        "value": "未知"
      },
      {
        "name": "微信号",
        "value": "55361871"
      },
      {
        "name": "QQ号",
        "value": "6925940264"
      },
      {
        "name": "微博号",
        "value": "dzckxwdrqi@gc.com"
      },
      {
        "name": "订单总数",
        "value": "1085"
      },
      {
        "name": "订单总金额",
        "value": "44752"
      },
      {
        "name": "购物车商品数量",
        "value": "6"
      },
      {
        "name": "收藏商品数量",
        "value": "27"
      },
      {
        "name": "个人薪水",
        "value": "22388"
      },
      {
        "name": "线下活动参加次数",
        "value": "53"
      }
    ],
    [
      {
        "name": "账号",
        "value": "wvwfwuczksznwtk"
      },
      {
        "name": "姓名",
        "value": "张宇"
      },
      {
        "name": "性别",
        "value": "男"
      },
      {
        "name": "年龄",
        "value": "38"
      },
      {
        "name": "家庭地址",
        "value": "江苏省南京市江宁区"
      },
      {
        "name": "工作地址",
        "value": "内蒙古阿鲁科尔沁旗"
      },
      {
        "name": "家庭情况",
        "value": "中等收入家庭"
      },
      {
        "name": "工作情况",
        "value": "工作不稳定且收入不稳定"
      },
      {
        "name": "会员等级",
        "value": "VIP"
      },
      {
        "name": "手机",
        "value": "未知"
      },
      {
        "name": "邮箱",
        "value": "未知"
      },
      {
        "name": "微信号",
        "value": "32391769"
      },
      {
        "name": "QQ号",
        "value": "5052578414"
      },
      {
        "name": "微博号",
        "value": "wfqwxpglbc@gc.com"
      },
      {
        "name": "订单总数",
        "value": "843"
      },
      {
        "name": "订单总金额",
        "value": "40242"
      },
      {
        "name": "购物车商品数量",
        "value": "5"
      },
      {
        "name": "收藏商品数量",
        "value": "25"
      },
      {
        "name": "个人薪水",
        "value": "24115"
      },
      {
        "name": "线下活动参加次数",
        "value": "74"
      }
    ],
    [
      {
        "name": "账号",
        "value": "gslyptuzoiaffem"
      },
      {
        "name": "姓名",
        "value": "张骏"
      },
      {
        "name": "性别",
        "value": "男"
      },
      {
        "name": "年龄",
        "value": "26"
      },
      {
        "name": "家庭地址",
        "value": "河北省保定市市辖区"
      },
      {
        "name": "工作地址",
        "value": "河北省石家庄市长安区"
      },
      {
        "name": "家庭情况",
        "value": "高收入家庭"
      },
      {
        "name": "工作情况",
        "value": "工作不稳定且低收入"
      },
      {
        "name": "会员等级",
        "value": "VIP"
      },
      {
        "name": "手机",
        "value": "未知"
      },
      {
        "name": "邮箱",
        "value": "未知"
      },
      {
        "name": "微信号",
        "value": "40801983"
      },
      {
        "name": "QQ号",
        "value": "6596849635"
      },
      {
        "name": "微博号",
        "value": "whulxwttyj@gc.com"
      },
      {
        "name": "订单总数",
        "value": "1072"
      },
      {
        "name": "订单总金额",
        "value": "46516"
      },
      {
        "name": "购物车商品数量",
        "value": "6"
      },
      {
        "name": "收藏商品数量",
        "value": "20"
      },
      {
        "name": "个人薪水",
        "value": "16470"
      },
      {
        "name": "线下活动参加次数",
        "value": "71"
      }
    ]
  ],
  [
    [
      {
        "name": "账号",
        "value": "lqbsupwynmbgrjb"
      },
      {
        "name": "姓名",
        "value": "张媛"
      },
      {
        "name": "收获地址",
        "value": "山西省朔州市平鲁区"
      },
      {
        "name": "手机号",
        "value": "15860751232"
      },
      {
        "name": "邮箱",
        "value": "jejyfwugha@gc.com"
      },
      {
        "name": "订单总数",
        "value": "883"
      },
      {
        "name": "订单总金额",
        "value": "45708"
      },
      {
        "name": "购物车商品数量",
        "value": "7"
      },
      {
        "name": "收藏商品数量",
        "value": "26"
      }
    ],
    [
      {
        "name": "账号",
        "value": "vskjjiekficuovl"
      },
      {
        "name": "姓名",
        "value": "王伟"
      },
      {
        "name": "收获地址",
        "value": "河北省正定县"
      },
      {
        "name": "手机号",
        "value": "15843623266"
      },
      {
        "name": "邮箱",
        "value": "未知"
      },
      {
        "name": "订单总数",
        "value": "1126"
      },
      {
        "name": "订单总金额",
        "value": "43821"
      },
      {
        "name": "购物车商品数量",
        "value": "5"
      },
      {
        "name": "收藏商品数量",
        "value": "24"
      }
    ],
    [
      {
        "name": "账号",
        "value": "evhcbpbihwagzil"
      },
      {
        "name": "姓名",
        "value": "王龙"
      },
      {
        "name": "收获地址",
        "value": "江苏省徐州市泉山区"
      },
      {
        "name": "手机号",
        "value": "未知"
      },
      {
        "name": "邮箱",
        "value": "cglcptsxat@gc.com"
      },
      {
        "name": "订单总数",
        "value": "886"
      },
      {
        "name": "订单总金额",
        "value": "48626"
      },
      {
        "name": "购物车商品数量",
        "value": "6"
      },
      {
        "name": "收藏商品数量",
        "value": "26"
      }
    ],
    [
      {
        "name": "账号",
        "value": "rtaornbnubfweat"
      },
      {
        "name": "姓名",
        "value": "王赟"
      },
      {
        "name": "收获地址",
        "value": "河北省正定县"
      },
      {
        "name": "手机号",
        "value": "未知"
      },
      {
        "name": "邮箱",
        "value": "donjnijmhv@gc.com"
      },
      {
        "name": "订单总数",
        "value": "1081"
      },
      {
        "name": "订单总金额",
        "value": "43645"
      },
      {
        "name": "购物车商品数量",
        "value": "5"
      },
      {
        "name": "收藏商品数量",
        "value": "22"
      }
    ],
    [
      {
        "name": "账号",
        "value": "wqpcwdlkddpyzux"
      },
      {
        "name": "姓名",
        "value": "王丽"
      },
      {
        "name": "收获地址",
        "value": "河北省保定市市辖区"
      },
      {
        "name": "手机号",
        "value": "未知"
      },
      {
        "name": "邮箱",
        "value": "nqgtkeqmfn@gc.com"
      },
      {
        "name": "订单总数",
        "value": "829"
      },
      {
        "name": "订单总金额",
        "value": "49317"
      },
      {
        "name": "购物车商品数量",
        "value": "5"
      },
      {
        "name": "收藏商品数量",
        "value": "26"
      }
    ],
    [
      {
        "name": "账号",
        "value": "ochiunghkzkzije"
      },
      {
        "name": "姓名",
        "value": "王飞"
      },
      {
        "name": "收获地址",
        "value": "河北省正定县"
      },
      {
        "name": "手机号",
        "value": "未知"
      },
      {
        "name": "邮箱",
        "value": "未知"
      },
      {
        "name": "订单总数",
        "value": "1011"
      },
      {
        "name": "订单总金额",
        "value": "47462"
      },
      {
        "name": "购物车商品数量",
        "value": "9"
      },
      {
        "name": "收藏商品数量",
        "value": "22"
      }
    ],
    [
      {
        "name": "账号",
        "value": "umzvwkcxuxhuhgs"
      },
      {
        "name": "姓名",
        "value": "王坤"
      },
      {
        "name": "收获地址",
        "value": "上海市黄浦区"
      },
      {
        "name": "手机号",
        "value": "未知"
      },
      {
        "name": "邮箱",
        "value": "未知"
      },
      {
        "name": "订单总数",
        "value": "819"
      },
      {
        "name": "订单总金额",
        "value": "43844"
      },
      {
        "name": "购物车商品数量",
        "value": "6"
      },
      {
        "name": "收藏商品数量",
        "value": "22"
      }
    ],
    [
      {
        "name": "账号",
        "value": "yvuuydjektekvfi"
      },
      {
        "name": "姓名",
        "value": "王宇"
      },
      {
        "name": "收获地址",
        "value": "山西省朔州市平鲁区"
      },
      {
        "name": "手机号",
        "value": "15857030636"
      },
      {
        "name": "邮箱",
        "value": "未知"
      },
      {
        "name": "订单总数",
        "value": "923"
      },
      {
        "name": "订单总金额",
        "value": "46016"
      },
      {
        "name": "购物车商品数量",
        "value": "7"
      },
      {
        "name": "收藏商品数量",
        "value": "24"
      }
    ]
  ],
  [
    [
      {
        "name": "账号",
        "value": "ikxxpgwmdfadtwy"
      },
      {
        "name": "时间",
        "value": "2016-05-17 02:23:18"
      },
      {
        "name": "门店",
        "value": "乐友绵阳店"
      },
      {
        "name": "消费金额",
        "value": "56880"
      },
      {
        "name": "商品列表",
        "value": "绿色食用油"
      }
    ],
    [
      {
        "name": "账号",
        "value": "lhgwooubvsdwovx"
      },
      {
        "name": "时间",
        "value": "2016-05-15 10:02:06"
      },
      {
        "name": "门店",
        "value": "乐友秦皇岛店"
      },
      {
        "name": "消费金额",
        "value": "54304"
      },
      {
        "name": "商品列表",
        "value": "胃哺清洁"
      }
    ],
    [
      {
        "name": "账号",
        "value": "wpifthboqsgophx"
      },
      {
        "name": "时间",
        "value": "2016-05-09 09:48:10"
      },
      {
        "name": "门店",
        "value": "乐友廊坊店"
      },
      {
        "name": "消费金额",
        "value": "57894"
      },
      {
        "name": "商品列表",
        "value": "孕产期营养"
      }
    ],
    [
      {
        "name": "账号",
        "value": "jebulszxvsxtbea"
      },
      {
        "name": "时间",
        "value": "2016-05-02 09:32:56"
      },
      {
        "name": "门店",
        "value": "乐友绵阳店"
      },
      {
        "name": "消费金额",
        "value": "56322"
      },
      {
        "name": "商品列表",
        "value": "孕产期营养"
      }
    ],
    [
      {
        "name": "账号",
        "value": "fzfxwkgtaetkgkl"
      },
      {
        "name": "时间",
        "value": "2016-05-15 07:26:26"
      },
      {
        "name": "门店",
        "value": "乐友北京店"
      },
      {
        "name": "消费金额",
        "value": "56989"
      },
      {
        "name": "商品列表",
        "value": "营养面"
      }
    ],
    [
      {
        "name": "账号",
        "value": "rtepkqcngvsvibn"
      },
      {
        "name": "时间",
        "value": "2016-05-14 12:59:31"
      },
      {
        "name": "门店",
        "value": "乐友西安店"
      },
      {
        "name": "消费金额",
        "value": "58427"
      },
      {
        "name": "商品列表",
        "value": "长牙期食品"
      }
    ],
    [
      {
        "name": "账号",
        "value": "zaurufvehuplhbp"
      },
      {
        "name": "时间",
        "value": "2016-05-04 09:28:22"
      },
      {
        "name": "门店",
        "value": "乐友武汉店"
      },
      {
        "name": "消费金额",
        "value": "52797"
      },
      {
        "name": "商品列表",
        "value": "背心"
      }
    ],
    [
      {
        "name": "账号",
        "value": "icyygmwvuqbheij"
      },
      {
        "name": "时间",
        "value": "2016-05-05 10:39:09"
      },
      {
        "name": "门店",
        "value": "乐友成都店"
      },
      {
        "name": "消费金额",
        "value": "53041"
      },
      {
        "name": "商品列表",
        "value": "产后塑身内衣"
      }
    ]
  ],
  [
    [
      {
        "name": "openid",
        "value": "53905144"
      },
      {
        "name": "公众号名称",
        "value": "王骏"
      },
      {
        "name": "昵称",
        "value": "王骏儿"
      },
      {
        "name": "头像url",
        "value": "/img/common/userimg002.jpg"
      },
      {
        "name": "性别",
        "value": "男"
      },
      {
        "name": "区域",
        "value": "武汉"
      }
    ],
    [
      {
        "name": "openid",
        "value": "06862717"
      },
      {
        "name": "公众号名称",
        "value": "王媛"
      },
      {
        "name": "昵称",
        "value": "王媛儿"
      },
      {
        "name": "头像url",
        "value": "/img/common/userimg005.jpg"
      },
      {
        "name": "性别",
        "value": "女"
      },
      {
        "name": "区域",
        "value": "上海"
      }
    ],
    [
      {
        "name": "openid",
        "value": "07273748"
      },
      {
        "name": "公众号名称",
        "value": "李伟"
      },
      {
        "name": "昵称",
        "value": "李伟儿"
      },
      {
        "name": "头像url",
        "value": "/img/common/userimg008.jpg"
      },
      {
        "name": "性别",
        "value": "男"
      },
      {
        "name": "区域",
        "value": "青岛"
      }
    ],
    [
      {
        "name": "openid",
        "value": "22694717"
      },
      {
        "name": "公众号名称",
        "value": "李龙"
      },
      {
        "name": "昵称",
        "value": "李龙儿"
      },
      {
        "name": "头像url",
        "value": "/img/common/userimg007.jpg"
      },
      {
        "name": "性别",
        "value": "男"
      },
      {
        "name": "区域",
        "value": "北京"
      }
    ],
    [
      {
        "name": "openid",
        "value": "98099675"
      },
      {
        "name": "公众号名称",
        "value": "李赟"
      },
      {
        "name": "昵称",
        "value": "李赟儿"
      },
      {
        "name": "头像url",
        "value": "/img/common/userimg006.jpg"
      },
      {
        "name": "性别",
        "value": "男"
      },
      {
        "name": "区域",
        "value": "北京"
      }
    ],
    [
      {
        "name": "openid",
        "value": "88196464"
      },
      {
        "name": "公众号名称",
        "value": "李丽"
      },
      {
        "name": "昵称",
        "value": "李丽儿"
      },
      {
        "name": "头像url",
        "value": "/img/common/userimg006.jpg"
      },
      {
        "name": "性别",
        "value": "女"
      },
      {
        "name": "区域",
        "value": "沈阳"
      }
    ],
    [
      {
        "name": "openid",
        "value": "06737143"
      },
      {
        "name": "公众号名称",
        "value": "李飞"
      },
      {
        "name": "昵称",
        "value": "李飞儿"
      },
      {
        "name": "头像url",
        "value": "/img/common/userimg004.jpg"
      },
      {
        "name": "性别",
        "value": "男"
      },
      {
        "name": "区域",
        "value": "秦皇"
      }
    ],
    [
      {
        "name": "openid",
        "value": "87065378"
      },
      {
        "name": "公众号名称",
        "value": "李坤"
      },
      {
        "name": "昵称",
        "value": "李坤儿"
      },
      {
        "name": "头像url",
        "value": "/img/common/userimg004.jpg"
      },
      {
        "name": "性别",
        "value": "男"
      },
      {
        "name": "区域",
        "value": "青岛"
      }
    ]
  ],
  [
    [
      {
        "name": "openid",
        "value": "20861924"
      },
      {
        "name": "个人号名称",
        "value": "李宇"
      },
      {
        "name": "昵称",
        "value": "李宇儿"
      }
    ],
    [
      {
        "name": "openid",
        "value": "24783047"
      },
      {
        "name": "个人号名称",
        "value": "李骏"
      },
      {
        "name": "昵称",
        "value": "李骏儿"
      }
    ],
    [
      {
        "name": "openid",
        "value": "54302423"
      },
      {
        "name": "个人号名称",
        "value": "李媛"
      },
      {
        "name": "昵称",
        "value": "李媛儿"
      }
    ],
    [
      {
        "name": "openid",
        "value": "33357741"
      },
      {
        "name": "个人号名称",
        "value": "赵伟"
      },
      {
        "name": "昵称",
        "value": "赵伟儿"
      }
    ],
    [
      {
        "name": "openid",
        "value": "25883181"
      },
      {
        "name": "个人号名称",
        "value": "赵龙"
      },
      {
        "name": "昵称",
        "value": "赵龙儿"
      }
    ],
    [
      {
        "name": "openid",
        "value": "33347484"
      },
      {
        "name": "个人号名称",
        "value": "赵赟"
      },
      {
        "name": "昵称",
        "value": "赵赟儿"
      }
    ],
    [
      {
        "name": "openid",
        "value": "49158956"
      },
      {
        "name": "个人号名称",
        "value": "赵丽"
      },
      {
        "name": "昵称",
        "value": "赵丽儿"
      }
    ],
    [
      {
        "name": "openid",
        "value": "89496297"
      },
      {
        "name": "个人号名称",
        "value": "赵飞"
      },
      {
        "name": "昵称",
        "value": "赵飞儿"
      }
    ]
  ],
  [
    [
      {
        "name": "账号",
        "value": "dnfowenjfyfgvuo"
      },
      {
        "name": "姓名",
        "value": "赵坤"
      },
      {
        "name": "收获地址",
        "value": "山西省潞城市"
      },
      {
        "name": "手机号",
        "value": "未知"
      },
      {
        "name": "邮箱",
        "value": "未知"
      },
      {
        "name": "订单总数",
        "value": "975"
      },
      {
        "name": "订单总金额",
        "value": "57813"
      },
      {
        "name": "购物车商品数量",
        "value": "5"
      },
      {
        "name": "收藏商品数量",
        "value": "7"
      }
    ],
    [
      {
        "name": "账号",
        "value": "hicozmgfvlbnhna"
      },
      {
        "name": "姓名",
        "value": "赵宇"
      },
      {
        "name": "收获地址",
        "value": "河北省保定市市辖区"
      },
      {
        "name": "手机号",
        "value": "15861424418"
      },
      {
        "name": "邮箱",
        "value": "未知"
      },
      {
        "name": "订单总数",
        "value": "991"
      },
      {
        "name": "订单总金额",
        "value": "46576"
      },
      {
        "name": "购物车商品数量",
        "value": "4"
      },
      {
        "name": "收藏商品数量",
        "value": "6"
      }
    ],
    [
      {
        "name": "账号",
        "value": "wdilbzaufvgrasv"
      },
      {
        "name": "姓名",
        "value": "赵骏"
      },
      {
        "name": "收获地址",
        "value": "内蒙古阿鲁科尔沁旗"
      },
      {
        "name": "手机号",
        "value": "未知"
      },
      {
        "name": "邮箱",
        "value": "qqzgmwfube@gc.com"
      },
      {
        "name": "订单总数",
        "value": "1013"
      },
      {
        "name": "订单总金额",
        "value": "40869"
      },
      {
        "name": "购物车商品数量",
        "value": "4"
      },
      {
        "name": "收藏商品数量",
        "value": "8"
      }
    ],
    [
      {
        "name": "账号",
        "value": "xaaydlwsbpxqhah"
      },
      {
        "name": "姓名",
        "value": "赵媛"
      },
      {
        "name": "收获地址",
        "value": "山西省朔州市平鲁区"
      },
      {
        "name": "手机号",
        "value": "未知"
      },
      {
        "name": "邮箱",
        "value": "未知"
      },
      {
        "name": "订单总数",
        "value": "954"
      },
      {
        "name": "订单总金额",
        "value": "49153"
      },
      {
        "name": "购物车商品数量",
        "value": "5"
      },
      {
        "name": "收藏商品数量",
        "value": "5"
      }
    ],
    [
      {
        "name": "账号",
        "value": "usayhjrtfzhzjtq"
      },
      {
        "name": "姓名",
        "value": "徐伟"
      },
      {
        "name": "收获地址",
        "value": "江苏省南京市江宁区"
      },
      {
        "name": "手机号",
        "value": "15875527252"
      },
      {
        "name": "邮箱",
        "value": "未知"
      },
      {
        "name": "订单总数",
        "value": "1043"
      },
      {
        "name": "订单总金额",
        "value": "44199"
      },
      {
        "name": "购物车商品数量",
        "value": "3"
      },
      {
        "name": "收藏商品数量",
        "value": "7"
      }
    ],
    [
      {
        "name": "账号",
        "value": "cauhmofivuhohal"
      },
      {
        "name": "姓名",
        "value": "徐龙"
      },
      {
        "name": "收获地址",
        "value": "山西省临汾市尧都区"
      },
      {
        "name": "手机号",
        "value": "未知"
      },
      {
        "name": "邮箱",
        "value": "未知"
      },
      {
        "name": "订单总数",
        "value": "966"
      },
      {
        "name": "订单总金额",
        "value": "56474"
      },
      {
        "name": "购物车商品数量",
        "value": "4"
      },
      {
        "name": "收藏商品数量",
        "value": "7"
      }
    ],
    [
      {
        "name": "账号",
        "value": "ectrgetjqlklhpl"
      },
      {
        "name": "姓名",
        "value": "徐赟"
      },
      {
        "name": "收获地址",
        "value": "山西省朔州市平鲁区"
      },
      {
        "name": "手机号",
        "value": "15834404883"
      },
      {
        "name": "邮箱",
        "value": "itbxevpzrn@gc.com"
      },
      {
        "name": "订单总数",
        "value": "1046"
      },
      {
        "name": "订单总金额",
        "value": "50316"
      },
      {
        "name": "购物车商品数量",
        "value": "3"
      },
      {
        "name": "收藏商品数量",
        "value": "7"
      }
    ],
    [
      {
        "name": "账号",
        "value": "tkuqigtbwpmleud"
      },
      {
        "name": "姓名",
        "value": "徐丽"
      },
      {
        "name": "收获地址",
        "value": "江苏省徐州市泉山区"
      },
      {
        "name": "手机号",
        "value": "15825781585"
      },
      {
        "name": "邮箱",
        "value": "未知"
      },
      {
        "name": "订单总数",
        "value": "920"
      },
      {
        "name": "订单总金额",
        "value": "47737"
      },
      {
        "name": "购物车商品数量",
        "value": "5"
      },
      {
        "name": "收藏商品数量",
        "value": "9"
      }
    ]
  ],
  [
    [
      {
        "name": "账号",
        "value": "yrktloulgtdtlet"
      },
      {
        "name": "姓名",
        "value": "徐飞"
      },
      {
        "name": "性别",
        "value": "男"
      },
      {
        "name": "年龄",
        "value": "28"
      },
      {
        "name": "家庭地址",
        "value": "山西省朔州市平鲁区"
      },
      {
        "name": "工作地址",
        "value": "黑龙江省齐齐哈尔市龙沙区"
      },
      {
        "name": "家庭情况",
        "value": "中等收入家庭"
      },
      {
        "name": "工作情况",
        "value": "工作稳定并且高收入"
      },
      {
        "name": "会员等级",
        "value": "非会员"
      },
      {
        "name": "手机",
        "value": "未知"
      },
      {
        "name": "邮箱",
        "value": "epqyvhjrag@gc.com"
      },
      {
        "name": "微信号",
        "value": "80866123"
      },
      {
        "name": "QQ号",
        "value": "2363071791"
      },
      {
        "name": "微博号",
        "value": "zcieyjyycz@gc.com"
      }
    ],
    [
      {
        "name": "账号",
        "value": "rifsayoaczupwyu"
      },
      {
        "name": "姓名",
        "value": "徐坤"
      },
      {
        "name": "性别",
        "value": "男"
      },
      {
        "name": "年龄",
        "value": "33"
      },
      {
        "name": "家庭地址",
        "value": "内蒙古阿鲁科尔沁旗"
      },
      {
        "name": "工作地址",
        "value": "山西省朔州市平鲁区"
      },
      {
        "name": "家庭情况",
        "value": "高收入家庭"
      },
      {
        "name": "工作情况",
        "value": "工作不稳定且收入不稳定"
      },
      {
        "name": "会员等级",
        "value": "非会员"
      },
      {
        "name": "手机",
        "value": "未知"
      },
      {
        "name": "邮箱",
        "value": "未知"
      },
      {
        "name": "微信号",
        "value": "56921117"
      },
      {
        "name": "QQ号",
        "value": "1796418934"
      },
      {
        "name": "微博号",
        "value": "ekjexqvyjj@gc.com"
      }
    ],
    [
      {
        "name": "账号",
        "value": "nnosajhrhdxsqob"
      },
      {
        "name": "姓名",
        "value": "徐宇"
      },
      {
        "name": "性别",
        "value": "男"
      },
      {
        "name": "年龄",
        "value": "40"
      },
      {
        "name": "家庭地址",
        "value": "黑龙江省齐齐哈尔市龙沙区"
      },
      {
        "name": "工作地址",
        "value": "浙江省宁波市海曙区"
      },
      {
        "name": "家庭情况",
        "value": "高收入家庭"
      },
      {
        "name": "工作情况",
        "value": "工作稳定并且高收入"
      },
      {
        "name": "会员等级",
        "value": "非会员"
      },
      {
        "name": "手机",
        "value": "未知"
      },
      {
        "name": "邮箱",
        "value": "fzshfeevmf@gc.com"
      },
      {
        "name": "微信号",
        "value": "73907464"
      },
      {
        "name": "QQ号",
        "value": "3124876949"
      },
      {
        "name": "微博号",
        "value": "未知"
      }
    ],
    [
      {
        "name": "账号",
        "value": "awjrhwzrctjaokv"
      },
      {
        "name": "姓名",
        "value": "徐骏"
      },
      {
        "name": "性别",
        "value": "男"
      },
      {
        "name": "年龄",
        "value": "31"
      },
      {
        "name": "家庭地址",
        "value": "山西省晋城市城区"
      },
      {
        "name": "工作地址",
        "value": "山西省晋城市城区"
      },
      {
        "name": "家庭情况",
        "value": "高收入家庭"
      },
      {
        "name": "工作情况",
        "value": "工作稳定但收入一般"
      },
      {
        "name": "会员等级",
        "value": "VIP"
      },
      {
        "name": "手机",
        "value": "未知"
      },
      {
        "name": "邮箱",
        "value": "未知"
      },
      {
        "name": "微信号",
        "value": "18168404"
      },
      {
        "name": "QQ号",
        "value": "1147200278"
      },
      {
        "name": "微博号",
        "value": "qlycoqybdj@gc.com"
      }
    ],
    [
      {
        "name": "账号",
        "value": "jccxyvswkmlojbz"
      },
      {
        "name": "姓名",
        "value": "徐媛"
      },
      {
        "name": "性别",
        "value": "女"
      },
      {
        "name": "年龄",
        "value": "33"
      },
      {
        "name": "家庭地址",
        "value": "山西省潞城市"
      },
      {
        "name": "工作地址",
        "value": "天津市武清区"
      },
      {
        "name": "家庭情况",
        "value": "中等收入家庭"
      },
      {
        "name": "工作情况",
        "value": "工作不稳定且收入不稳定"
      },
      {
        "name": "会员等级",
        "value": "VIP"
      },
      {
        "name": "手机",
        "value": "未知"
      },
      {
        "name": "邮箱",
        "value": "nydbdwgvys@gc.com"
      },
      {
        "name": "微信号",
        "value": "49051488"
      },
      {
        "name": "QQ号",
        "value": "0028706131"
      },
      {
        "name": "微博号",
        "value": "yagtktpdzg@gc.com"
      }
    ],
    [
      {
        "name": "账号",
        "value": "xckhrbvvrmbriup"
      },
      {
        "name": "姓名",
        "value": "何伟"
      },
      {
        "name": "性别",
        "value": "男"
      },
      {
        "name": "年龄",
        "value": "41"
      },
      {
        "name": "家庭地址",
        "value": "山西省潞城市"
      },
      {
        "name": "工作地址",
        "value": "内蒙古包头市昆都仑区"
      },
      {
        "name": "家庭情况",
        "value": "中等收入家庭"
      },
      {
        "name": "工作情况",
        "value": "工作不稳定且收入不稳定"
      },
      {
        "name": "会员等级",
        "value": "非会员"
      },
      {
        "name": "手机",
        "value": "未知"
      },
      {
        "name": "邮箱",
        "value": "eylzdwxgmi@gc.com"
      },
      {
        "name": "微信号",
        "value": "87446947"
      },
      {
        "name": "QQ号",
        "value": "7789509013"
      },
      {
        "name": "微博号",
        "value": "未知"
      }
    ],
    [
      {
        "name": "账号",
        "value": "hbilgbqpiwvryqt"
      },
      {
        "name": "姓名",
        "value": "何龙"
      },
      {
        "name": "性别",
        "value": "男"
      },
      {
        "name": "年龄",
        "value": "25"
      },
      {
        "name": "家庭地址",
        "value": "河北省石家庄市长安区"
      },
      {
        "name": "工作地址",
        "value": "上海市黄浦区"
      },
      {
        "name": "家庭情况",
        "value": "一般收入家庭"
      },
      {
        "name": "工作情况",
        "value": "工作不稳定且低收入"
      },
      {
        "name": "会员等级",
        "value": "VIP"
      },
      {
        "name": "手机",
        "value": "未知"
      },
      {
        "name": "邮箱",
        "value": "未知"
      },
      {
        "name": "微信号",
        "value": "74390143"
      },
      {
        "name": "QQ号",
        "value": "4931523436"
      },
      {
        "name": "微博号",
        "value": "未知"
      }
    ],
    [
      {
        "name": "账号",
        "value": "utufgzpikscimdk"
      },
      {
        "name": "姓名",
        "value": "何赟"
      },
      {
        "name": "性别",
        "value": "男"
      },
      {
        "name": "年龄",
        "value": "38"
      },
      {
        "name": "家庭地址",
        "value": "山西省潞城市"
      },
      {
        "name": "工作地址",
        "value": "辽宁省沈阳市新城子区"
      },
      {
        "name": "家庭情况",
        "value": "高收入家庭"
      },
      {
        "name": "工作情况",
        "value": "工作不稳定但收入稳定"
      },
      {
        "name": "会员等级",
        "value": "高级"
      },
      {
        "name": "手机",
        "value": "未知"
      },
      {
        "name": "邮箱",
        "value": "未知"
      },
      {
        "name": "微信号",
        "value": "08245615"
      },
      {
        "name": "QQ号",
        "value": "2666059152"
      },
      {
        "name": "微博号",
        "value": "未知"
      }
    ]
  ],
  [
    [
      {
        "name": "账号",
        "value": "xqquocyjtvchghe"
      },
      {
        "name": "姓名",
        "value": "何丽"
      },
      {
        "name": "收获地址",
        "value": "山西省潞城市"
      },
      {
        "name": "手机号",
        "value": "未知"
      },
      {
        "name": "邮箱",
        "value": "未知"
      },
      {
        "name": "订单总数",
        "value": "1083"
      },
      {
        "name": "订单总金额",
        "value": "44253"
      },
      {
        "name": "购物车商品数量",
        "value": "4"
      },
      {
        "name": "收藏商品数量",
        "value": "9"
      }
    ],
    [
      {
        "name": "账号",
        "value": "sbzglduijqblttk"
      },
      {
        "name": "姓名",
        "value": "何飞"
      },
      {
        "name": "收获地址",
        "value": "内蒙古达尔罕茂明安联合旗"
      },
      {
        "name": "手机号",
        "value": "15863061431"
      },
      {
        "name": "邮箱",
        "value": "未知"
      },
      {
        "name": "订单总数",
        "value": "906"
      },
      {
        "name": "订单总金额",
        "value": "56039"
      },
      {
        "name": "购物车商品数量",
        "value": "5"
      },
      {
        "name": "收藏商品数量",
        "value": "8"
      }
    ],
    [
      {
        "name": "账号",
        "value": "riyvlsadzptsxup"
      },
      {
        "name": "姓名",
        "value": "何坤"
      },
      {
        "name": "收获地址",
        "value": "内蒙古达尔罕茂明安联合旗"
      },
      {
        "name": "手机号",
        "value": "未知"
      },
      {
        "name": "邮箱",
        "value": "aamruacazj@gc.com"
      },
      {
        "name": "订单总数",
        "value": "954"
      },
      {
        "name": "订单总金额",
        "value": "51102"
      },
      {
        "name": "购物车商品数量",
        "value": "5"
      },
      {
        "name": "收藏商品数量",
        "value": "9"
      }
    ],
    [
      {
        "name": "账号",
        "value": "kgofpvwpavkpfpx"
      },
      {
        "name": "姓名",
        "value": "何宇"
      },
      {
        "name": "收获地址",
        "value": "江苏省徐州市泉山区"
      },
      {
        "name": "手机号",
        "value": "未知"
      },
      {
        "name": "邮箱",
        "value": "injftzhndo@gc.com"
      },
      {
        "name": "订单总数",
        "value": "920"
      },
      {
        "name": "订单总金额",
        "value": "55280"
      },
      {
        "name": "购物车商品数量",
        "value": "3"
      },
      {
        "name": "收藏商品数量",
        "value": "7"
      }
    ],
    [
      {
        "name": "账号",
        "value": "armmmgpdfrgjdet"
      },
      {
        "name": "姓名",
        "value": "何骏"
      },
      {
        "name": "收获地址",
        "value": "天津市武清区"
      },
      {
        "name": "手机号",
        "value": "未知"
      },
      {
        "name": "邮箱",
        "value": "locomprono@gc.com"
      },
      {
        "name": "订单总数",
        "value": "1064"
      },
      {
        "name": "订单总金额",
        "value": "49576"
      },
      {
        "name": "购物车商品数量",
        "value": "3"
      },
      {
        "name": "收藏商品数量",
        "value": "5"
      }
    ],
    [
      {
        "name": "账号",
        "value": "anvnynmlkxatqyr"
      },
      {
        "name": "姓名",
        "value": "何媛"
      },
      {
        "name": "收获地址",
        "value": "辽宁省锦州市古塔区"
      },
      {
        "name": "手机号",
        "value": "15804603664"
      },
      {
        "name": "邮箱",
        "value": "未知"
      },
      {
        "name": "订单总数",
        "value": "920"
      },
      {
        "name": "订单总金额",
        "value": "53171"
      },
      {
        "name": "购物车商品数量",
        "value": "4"
      },
      {
        "name": "收藏商品数量",
        "value": "6"
      }
    ],
    [
      {
        "name": "账号",
        "value": "fbjrecsinfhcdfp"
      },
      {
        "name": "姓名",
        "value": "曹伟"
      },
      {
        "name": "收获地址",
        "value": "黑龙江省齐齐哈尔市龙沙区"
      },
      {
        "name": "手机号",
        "value": "15875206187"
      },
      {
        "name": "邮箱",
        "value": "未知"
      },
      {
        "name": "订单总数",
        "value": "1097"
      },
      {
        "name": "订单总金额",
        "value": "57930"
      },
      {
        "name": "购物车商品数量",
        "value": "4"
      },
      {
        "name": "收藏商品数量",
        "value": "6"
      }
    ],
    [
      {
        "name": "账号",
        "value": "vrgwbzdvkftskgd"
      },
      {
        "name": "姓名",
        "value": "曹龙"
      },
      {
        "name": "收获地址",
        "value": "辽宁省沈阳市新城子区"
      },
      {
        "name": "手机号",
        "value": "未知"
      },
      {
        "name": "邮箱",
        "value": "未知"
      },
      {
        "name": "订单总数",
        "value": "931"
      },
      {
        "name": "订单总金额",
        "value": "49392"
      },
      {
        "name": "购物车商品数量",
        "value": "4"
      },
      {
        "name": "收藏商品数量",
        "value": "8"
      }
    ]
  ]
]