[
  [
    [
      {
        "name": "账号",
        "value": "hezmlswipnfvett"
      },
      {
        "name": "姓名",
        "value": "张伟"
      },
      {
        "name": "性别",
        "value": "男"
      },
      {
        "name": "年龄",
        "value": "29"
      },
      {
        "name": "家庭地址",
        "value": "辽宁省沈阳市新城子区"
      },
      {
        "name": "工作地址",
        "value": "内蒙古包头市昆都仑区"
      },
      {
        "name": "家庭情况",
        "value": "中等收入家庭"
      },
      {
        "name": "工作情况",
        "value": "工作稳定并且高收入"
      },
      {
        "name": "会员等级",
        "value": "高级"
      },
      {
        "name": "手机",
        "value": "未知"
      },
      {
        "name": "邮箱",
        "value": "未知"
      },
      {
        "name": "微信号",
        "value": "05055485"
      },
      {
        "name": "QQ号",
        "value": "6519223465"
      },
      {
        "name": "微博号",
        "value": "未知"
      },
      {
        "name": "订单总数",
        "value": "963"
      },
      {
        "name": "订单总金额",
        "value": "43994"
      },
      {
        "name": "购物车商品数量",
        "value": "6"
      },
      {
        "name": "收藏商品数量",
        "value": "20"
      },
      {
        "name": "个人薪水",
        "value": "21546"
      },
      {
        "name": "线下活动参加次数",
        "value": "50"
      },
      {
        "name": "家庭婴儿数量",
        "value": "1"
      },
      {
        "name": "家庭为孩子做的年预算",
        "value": "30020"
      }
    ],
    [
      {
        "name": "账号",
        "value": "oovkghmkdwtyyyl"
      },
      {
        "name": "姓名",
        "value": "张龙"
      },
      {
        "name": "性别",
        "value": "男"
      },
      {
        "name": "年龄",
        "value": "27"
      },
      {
        "name": "家庭地址",
        "value": "内蒙古阿鲁科尔沁旗"
      },
      {
        "name": "工作地址",
        "value": "河北省保定市市辖区"
      },
      {
        "name": "家庭情况",
        "value": "高收入家庭"
      },
      {
        "name": "工作情况",
        "value": "工作不稳定但收入稳定"
      },
      {
        "name": "会员等级",
        "value": "高级"
      },
      {
        "name": "手机",
        "value": "未知"
      },
      {
        "name": "邮箱",
        "value": "未知"
      },
      {
        "name": "微信号",
        "value": "87899789"
      },
      {
        "name": "QQ号",
        "value": "7450675998"
      },
      {
        "name": "微博号",
        "value": "未知"
      },
      {
        "name": "订单总数",
        "value": "1017"
      },
      {
        "name": "订单总金额",
        "value": "44569"
      },
      {
        "name": "购物车商品数量",
        "value": "9"
      },
      {
        "name": "收藏商品数量",
        "value": "21"
      },
      {
        "name": "个人薪水",
        "value": "16921"
      },
      {
        "name": "线下活动参加次数",
        "value": "71"
      },
      {
        "name": "家庭婴儿数量",
        "value": "2"
      },
      {
        "name": "家庭为孩子做的年预算",
        "value": "10414"
      }
    ],
    [
      {
        "name": "账号",
        "value": "tvbtwnxaywxovkg"
      },
      {
        "name": "姓名",
        "value": "张赟"
      },
      {
        "name": "性别",
        "value": "男"
      },
      {
        "name": "年龄",
        "value": "34"
      },
      {
        "name": "家庭地址",
        "value": "山西省朔州市平鲁区"
      },
      {
        "name": "工作地址",
        "value": "山西省潞城市"
      },
      {
        "name": "家庭情况",
        "value": "高收入家庭"
      },
      {
        "name": "工作情况",
        "value": "工作不稳定且低收入"
      },
      {
        "name": "会员等级",
        "value": "非会员"
      },
      {
        "name": "手机",
        "value": "未知"
      },
      {
        "name": "邮箱",
        "value": "cflgqnyojw@gc.com"
      },
      {
        "name": "微信号",
        "value": "10995579"
      },
      {
        "name": "QQ号",
        "value": "8976690835"
      },
      {
        "name": "微博号",
        "value": "未知"
      },
      {
        "name": "订单总数",
        "value": "1065"
      },
      {
        "name": "订单总金额",
        "value": "48472"
      },
      {
        "name": "购物车商品数量",
        "value": "5"
      },
      {
        "name": "收藏商品数量",
        "value": "24"
      },
      {
        "name": "个人薪水",
        "value": "16990"
      },
      {
        "name": "线下活动参加次数",
        "value": "63"
      },
      {
        "name": "家庭婴儿数量",
        "value": "1"
      },
      {
        "name": "家庭为孩子做的年预算",
        "value": "27609"
      }
    ],
    [
      {
        "name": "账号",
        "value": "snpkwmkfpqpeoac"
      },
      {
        "name": "姓名",
        "value": "张丽"
      },
      {
        "name": "性别",
        "value": "女"
      },
      {
        "name": "年龄",
        "value": "30"
      },
      {
        "name": "家庭地址",
        "value": "河北省石家庄市长安区"
      },
      {
        "name": "工作地址",
        "value": "山西省临汾市尧都区"
      },
      {
        "name": "家庭情况",
        "value": "高收入家庭"
      },
      {
        "name": "工作情况",
        "value": "工作不稳定且低收入"
      },
      {
        "name": "会员等级",
        "value": "普通"
      },
      {
        "name": "手机",
        "value": "未知"
      },
      {
        "name": "邮箱",
        "value": "未知"
      },
      {
        "name": "微信号",
        "value": "31297321"
      },
      {
        "name": "QQ号",
        "value": "5457341042"
      },
      {
        "name": "微博号",
        "value": "未知"
      },
      {
        "name": "订单总数",
        "value": "1026"
      },
      {
        "name": "订单总金额",
        "value": "48095"
      },
      {
        "name": "购物车商品数量",
        "value": "8"
      },
      {
        "name": "收藏商品数量",
        "value": "22"
      },
      {
        "name": "个人薪水",
        "value": "20160"
      },
      {
        "name": "线下活动参加次数",
        "value": "61"
      },
      {
        "name": "家庭婴儿数量",
        "value": "1"
      },
      {
        "name": "家庭为孩子做的年预算",
        "value": "34196"
      }
    ],
    [
      {
        "name": "账号",
        "value": "tkvxjamvfesffmz"
      },
      {
        "name": "姓名",
        "value": "张飞"
      },
      {
        "name": "性别",
        "value": "男"
      },
      {
        "name": "年龄",
        "value": "34"
      },
      {
        "name": "家庭地址",
        "value": "辽宁省沈阳市皇姑区"
      },
      {
        "name": "工作地址",
        "value": "山西省临汾市尧都区"
      },
      {
        "name": "家庭情况",
        "value": "中等收入家庭"
      },
      {
        "name": "工作情况",
        "value": "工作稳定但收入一般"
      },
      {
        "name": "会员等级",
        "value": "普通"
      },
      {
        "name": "手机",
        "value": "未知"
      },
      {
        "name": "邮箱",
        "value": "未知"
      },
      {
        "name": "微信号",
        "value": "27045791"
      },
      {
        "name": "QQ号",
        "value": "2462796587"
      },
      {
        "name": "微博号",
        "value": "未知"
      },
      {
        "name": "订单总数",
        "value": "874"
      },
      {
        "name": "订单总金额",
        "value": "44876"
      },
      {
        "name": "购物车商品数量",
        "value": "9"
      },
      {
        "name": "收藏商品数量",
        "value": "22"
      },
      {
        "name": "个人薪水",
        "value": "21521"
      },
      {
        "name": "线下活动参加次数",
        "value": "51"
      },
      {
        "name": "家庭婴儿数量",
        "value": "2"
      },
      {
        "name": "家庭为孩子做的年预算",
        "value": "10918"
      }
    ],
    [
      {
        "name": "账号",
        "value": "yhelthwazzeljob"
      },
      {
        "name": "姓名",
        "value": "张坤"
      },
      {
        "name": "性别",
        "value": "男"
      },
      {
        "name": "年龄",
        "value": "40"
      },
      {
        "name": "家庭地址",
        "value": "山西省晋城市城区"
      },
      {
        "name": "工作地址",
        "value": "山西省临汾市尧都区"
      },
      {
        "name": "家庭情况",
        "value": "高收入家庭"
      },
      {
        "name": "工作情况",
        "value": "工作不稳定且收入不稳定"
      },
      {
        "name": "会员等级",
        "value": "VIP"
      },
      {
        "name": "手机",
        "value": "15844564242"
      },
      {
        "name": "邮箱",
        "value": "未知"
      },
      {
        "name": "微信号",
        "value": "24972590"
      },
      {
        "name": "QQ号",
        "value": "0659774707"
      },
      {
        "name": "微博号",
        "value": "ljxusmkrid@gc.com"
      },
      {
        "name": "订单总数",
        "value": "1207"
      },
      {
        "name": "订单总金额",
        "value": "43322"
      },
      {
        "name": "购物车商品数量",
        "value": "7"
      },
      {
        "name": "收藏商品数量",
        "value": "28"
      },
      {
        "name": "个人薪水",
        "value": "15666"
      },
      {
        "name": "线下活动参加次数",
        "value": "67"
      },
      {
        "name": "家庭婴儿数量",
        "value": "2"
      },
      {
        "name": "家庭为孩子做的年预算",
        "value": "10051"
      }
    ],
    [
      {
        "name": "账号",
        "value": "zbxivofocupdfqh"
      },
      {
        "name": "姓名",
        "value": "张宇"
      },
      {
        "name": "性别",
        "value": "男"
      },
      {
        "name": "年龄",
        "value": "29"
      },
      {
        "name": "家庭地址",
        "value": "辽宁省锦州市古塔区"
      },
      {
        "name": "工作地址",
        "value": "江苏省南京市江宁区"
      },
      {
        "name": "家庭情况",
        "value": "中等收入家庭"
      },
      {
        "name": "工作情况",
        "value": "工作不稳定但收入稳定"
      },
      {
        "name": "会员等级",
        "value": "非会员"
      },
      {
        "name": "手机",
        "value": "15804572624"
      },
      {
        "name": "邮箱",
        "value": "未知"
      },
      {
        "name": "微信号",
        "value": "73404238"
      },
      {
        "name": "QQ号",
        "value": "1452005650"
      },
      {
        "name": "微博号",
        "value": "yjluopneea@gc.com"
      },
      {
        "name": "订单总数",
        "value": "954"
      },
      {
        "name": "订单总金额",
        "value": "44642"
      },
      {
        "name": "购物车商品数量",
        "value": "7"
      },
      {
        "name": "收藏商品数量",
        "value": "21"
      },
      {
        "name": "个人薪水",
        "value": "20190"
      },
      {
        "name": "线下活动参加次数",
        "value": "78"
      },
      {
        "name": "家庭婴儿数量",
        "value": "1"
      },
      {
        "name": "家庭为孩子做的年预算",
        "value": "37341"
      }
    ],
    [
      {
        "name": "账号",
        "value": "wlvmjuoqgufezka"
      },
      {
        "name": "姓名",
        "value": "张骏"
      },
      {
        "name": "性别",
        "value": "男"
      },
      {
        "name": "年龄",
        "value": "42"
      },
      {
        "name": "家庭地址",
        "value": "山西省朔州市平鲁区"
      },
      {
        "name": "工作地址",
        "value": "上海市黄浦区"
      },
      {
        "name": "家庭情况",
        "value": "高收入家庭"
      },
      {
        "name": "工作情况",
        "value": "工作稳定并且高收入"
      },
      {
        "name": "会员等级",
        "value": "普通"
      },
      {
        "name": "手机",
        "value": "15802766831"
      },
      {
        "name": "邮箱",
        "value": "未知"
      },
      {
        "name": "微信号",
        "value": "25119018"
      },
      {
        "name": "QQ号",
        "value": "3209857886"
      },
      {
        "name": "微博号",
        "value": "tusbfguedk@gc.com"
      },
      {
        "name": "订单总数",
        "value": "1080"
      },
      {
        "name": "订单总金额",
        "value": "47781"
      },
      {
        "name": "购物车商品数量",
        "value": "8"
      },
      {
        "name": "收藏商品数量",
        "value": "29"
      },
      {
        "name": "个人薪水",
        "value": "20031"
      },
      {
        "name": "线下活动参加次数",
        "value": "63"
      },
      {
        "name": "家庭婴儿数量",
        "value": "2"
      },
      {
        "name": "家庭为孩子做的年预算",
        "value": "47074"
      }
    ]
  ],
  [
    [
      {
        "name": "账号",
        "value": "camaoxdbpnoncqk"
      },
      {
        "name": "姓名",
        "value": "张媛"
      },
      {
        "name": "收获地址",
        "value": "山西省晋城市城区"
      },
      {
        "name": "手机号",
        "value": "15835833285"
      },
      {
        "name": "邮箱",
        "value": "未知"
      },
      {
        "name": "订单总数",
        "value": "928"
      },
      {
        "name": "订单总金额",
        "value": "42824"
      },
      {
        "name": "购物车商品数量",
        "value": "6"
      },
      {
        "name": "收藏商品数量",
        "value": "26"
      }
    ],
    [
      {
        "name": "账号",
        "value": "pdkogiaqpkhuaec"
      },
      {
        "name": "姓名",
        "value": "王伟"
      },
      {
        "name": "收获地址",
        "value": "江苏省南京市江宁区"
      },
      {
        "name": "手机号",
        "value": "未知"
      },
      {
        "name": "邮箱",
        "value": "未知"
      },
      {
        "name": "订单总数",
        "value": "867"
      },
      {
        "name": "订单总金额",
        "value": "43837"
      },
      {
        "name": "购物车商品数量",
        "value": "5"
      },
      {
        "name": "收藏商品数量",
        "value": "26"
      }
    ],
    [
      {
        "name": "账号",
        "value": "odhxousfmnxxdya"
      },
      {
        "name": "姓名",
        "value": "王龙"
      },
      {
        "name": "收获地址",
        "value": "河北省正定县"
      },
      {
        "name": "手机号",
        "value": "15833206600"
      },
      {
        "name": "邮箱",
        "value": "未知"
      },
      {
        "name": "订单总数",
        "value": "1117"
      },
      {
        "name": "订单总金额",
        "value": "43187"
      },
      {
        "name": "购物车商品数量",
        "value": "6"
      },
      {
        "name": "收藏商品数量",
        "value": "28"
      }
    ],
    [
      {
        "name": "账号",
        "value": "nhgmsgxvbgvlsvp"
      },
      {
        "name": "姓名",
        "value": "王赟"
      },
      {
        "name": "收获地址",
        "value": "上海市黄浦区"
      },
      {
        "name": "手机号",
        "value": "未知"
      },
      {
        "name": "邮箱",
        "value": "未知"
      },
      {
        "name": "订单总数",
        "value": "910"
      },
      {
        "name": "订单总金额",
        "value": "44535"
      },
      {
        "name": "购物车商品数量",
        "value": "6"
      },
      {
        "name": "收藏商品数量",
        "value": "25"
      }
    ],
    [
      {
        "name": "账号",
        "value": "djjxzahchbfqxpu"
      },
      {
        "name": "姓名",
        "value": "王丽"
      },
      {
        "name": "收获地址",
        "value": "吉林省长春市宽城区"
      },
      {
        "name": "手机号",
        "value": "未知"
      },
      {
        "name": "邮箱",
        "value": "未知"
      },
      {
        "name": "订单总数",
        "value": "928"
      },
      {
        "name": "订单总金额",
        "value": "45457"
      },
      {
        "name": "购物车商品数量",
        "value": "8"
      },
      {
        "name": "收藏商品数量",
        "value": "20"
      }
    ],
    [
      {
        "name": "账号",
        "value": "zfmqlzkbeswejub"
      },
      {
        "name": "姓名",
        "value": "王飞"
      },
      {
        "name": "收获地址",
        "value": "辽宁省沈阳市新城子区"
      },
      {
        "name": "手机号",
        "value": "未知"
      },
      {
        "name": "邮箱",
        "value": "未知"
      },
      {
        "name": "订单总数",
        "value": "1081"
      },
      {
        "name": "订单总金额",
        "value": "46626"
      },
      {
        "name": "购物车商品数量",
        "value": "6"
      },
      {
        "name": "收藏商品数量",
        "value": "29"
      }
    ],
    [
      {
        "name": "账号",
        "value": "yebmdkfgsvgqxpl"
      },
      {
        "name": "姓名",
        "value": "王坤"
      },
      {
        "name": "收获地址",
        "value": "河北省石家庄市长安区"
      },
      {
        "name": "手机号",
        "value": "15808410551"
      },
      {
        "name": "邮箱",
        "value": "ukjqlrcabi@gc.com"
      },
      {
        "name": "订单总数",
        "value": "1143"
      },
      {
        "name": "订单总金额",
        "value": "48186"
      },
      {
        "name": "购物车商品数量",
        "value": "8"
      },
      {
        "name": "收藏商品数量",
        "value": "24"
      }
    ],
    [
      {
        "name": "账号",
        "value": "ricisydoqefonnr"
      },
      {
        "name": "姓名",
        "value": "王宇"
      },
      {
        "name": "收获地址",
        "value": "辽宁省沈阳市皇姑区"
      },
      {
        "name": "手机号",
        "value": "15825273202"
      },
      {
        "name": "邮箱",
        "value": "未知"
      },
      {
        "name": "订单总数",
        "value": "1235"
      },
      {
        "name": "订单总金额",
        "value": "40715"
      },
      {
        "name": "购物车商品数量",
        "value": "7"
      },
      {
        "name": "收藏商品数量",
        "value": "22"
      }
    ]
  ],
  [
    [
      {
        "name": "账号",
        "value": "ldbrlbavdgqpeda"
      },
      {
        "name": "时间",
        "value": "2016-04-30 10:26:21"
      },
      {
        "name": "门店",
        "value": "乐友咸阳店"
      },
      {
        "name": "消费金额",
        "value": "58999"
      },
      {
        "name": "商品列表",
        "value": "孕产期营养"
      }
    ],
    [
      {
        "name": "账号",
        "value": "wlfbklepnqxqnpx"
      },
      {
        "name": "时间",
        "value": "2016-05-18 03:22:46"
      },
      {
        "name": "门店",
        "value": "乐友上海店"
      },
      {
        "name": "消费金额",
        "value": "51520"
      },
      {
        "name": "商品列表",
        "value": "特殊配方奶粉"
      }
    ],
    [
      {
        "name": "账号",
        "value": "gijiadeujcqorpn"
      },
      {
        "name": "时间",
        "value": "2016-05-09 12:10:36"
      },
      {
        "name": "门店",
        "value": "乐友西安店"
      },
      {
        "name": "消费金额",
        "value": "58882"
      },
      {
        "name": "商品列表",
        "value": "绿色食用油"
      }
    ],
    [
      {
        "name": "账号",
        "value": "rgaxwkdjimjrfgz"
      },
      {
        "name": "时间",
        "value": "2016-04-29 02:24:27"
      },
      {
        "name": "门店",
        "value": "乐友石家庄店"
      },
      {
        "name": "消费金额",
        "value": "59562"
      },
      {
        "name": "商品列表",
        "value": "孕产期营养"
      }
    ],
    [
      {
        "name": "账号",
        "value": "yytxsfmzdqtjfev"
      },
      {
        "name": "时间",
        "value": "2016-04-29 11:59:21"
      },
      {
        "name": "门店",
        "value": "乐友天津店"
      },
      {
        "name": "消费金额",
        "value": "51003"
      },
      {
        "name": "商品列表",
        "value": "产后塑身内衣"
      }
    ],
    [
      {
        "name": "账号",
        "value": "oporquxvxiqbyvu"
      },
      {
        "name": "时间",
        "value": "2016-05-03 05:27:47"
      },
      {
        "name": "门店",
        "value": "乐友沈阳店"
      },
      {
        "name": "消费金额",
        "value": "59586"
      },
      {
        "name": "商品列表",
        "value": "时令水果"
      }
    ],
    [
      {
        "name": "账号",
        "value": "tfvldnnbtgaqfrk"
      },
      {
        "name": "时间",
        "value": "2016-05-13 07:02:05"
      },
      {
        "name": "门店",
        "value": "乐友廊坊店"
      },
      {
        "name": "消费金额",
        "value": "53218"
      },
      {
        "name": "商品列表",
        "value": "营养面"
      }
    ],
    [
      {
        "name": "账号",
        "value": "vyuwehubboobnkl"
      },
      {
        "name": "时间",
        "value": "2016-05-10 01:41:09"
      },
      {
        "name": "门店",
        "value": "乐友秦皇岛店"
      },
      {
        "name": "消费金额",
        "value": "58740"
      },
      {
        "name": "商品列表",
        "value": "孕妇靠枕背带"
      }
    ]
  ],
  [
    [
      {
        "name": "openid",
        "value": "65937375"
      },
      {
        "name": "公众号名称",
        "value": "王骏"
      },
      {
        "name": "昵称",
        "value": "王骏儿"
      },
      {
        "name": "头像url",
        "value": "/img/common/userimg002.jpg"
      },
      {
        "name": "性别",
        "value": "男"
      },
      {
        "name": "区域",
        "value": "天津"
      }
    ],
    [
      {
        "name": "openid",
        "value": "12940117"
      },
      {
        "name": "公众号名称",
        "value": "王媛"
      },
      {
        "name": "昵称",
        "value": "王媛儿"
      },
      {
        "name": "头像url",
        "value": "/img/common/userimg000.jpg"
      },
      {
        "name": "性别",
        "value": "女"
      },
      {
        "name": "区域",
        "value": "西安"
      }
    ],
    [
      {
        "name": "openid",
        "value": "44484991"
      },
      {
        "name": "公众号名称",
        "value": "李伟"
      },
      {
        "name": "昵称",
        "value": "李伟儿"
      },
      {
        "name": "头像url",
        "value": "/img/common/userimg001.jpg"
      },
      {
        "name": "性别",
        "value": "男"
      },
      {
        "name": "区域",
        "value": "成都"
      }
    ],
    [
      {
        "name": "openid",
        "value": "92475905"
      },
      {
        "name": "公众号名称",
        "value": "李龙"
      },
      {
        "name": "昵称",
        "value": "李龙儿"
      },
      {
        "name": "头像url",
        "value": "/img/common/userimg007.jpg"
      },
      {
        "name": "性别",
        "value": "男"
      },
      {
        "name": "区域",
        "value": "上海"
      }
    ],
    [
      {
        "name": "openid",
        "value": "86231030"
      },
      {
        "name": "公众号名称",
        "value": "李赟"
      },
      {
        "name": "昵称",
        "value": "李赟儿"
      },
      {
        "name": "头像url",
        "value": "/img/common/userimg007.jpg"
      },
      {
        "name": "性别",
        "value": "男"
      },
      {
        "name": "区域",
        "value": "咸阳"
      }
    ],
    [
      {
        "name": "openid",
        "value": "78121527"
      },
      {
        "name": "公众号名称",
        "value": "李丽"
      },
      {
        "name": "昵称",
        "value": "李丽儿"
      },
      {
        "name": "头像url",
        "value": "/img/common/userimg001.jpg"
      },
      {
        "name": "性别",
        "value": "女"
      },
      {
        "name": "区域",
        "value": "上海"
      }
    ],
    [
      {
        "name": "openid",
        "value": "57724011"
      },
      {
        "name": "公众号名称",
        "value": "李飞"
      },
      {
        "name": "昵称",
        "value": "李飞儿"
      },
      {
        "name": "头像url",
        "value": "/img/common/userimg003.jpg"
      },
      {
        "name": "性别",
        "value": "男"
      },
      {
        "name": "区域",
        "value": "潍坊"
      }
    ],
    [
      {
        "name": "openid",
        "value": "73047773"
      },
      {
        "name": "公众号名称",
        "value": "李坤"
      },
      {
        "name": "昵称",
        "value": "李坤儿"
      },
      {
        "name": "头像url",
        "value": "/img/common/userimg002.jpg"
      },
      {
        "name": "性别",
        "value": "男"
      },
      {
        "name": "区域",
        "value": "秦皇"
      }
    ]
  ],
  [
    [
      {
        "name": "openid",
        "value": "97710217"
      },
      {
        "name": "个人号名称",
        "value": "李宇"
      },
      {
        "name": "昵称",
        "value": "李宇儿"
      }
    ],
    [
      {
        "name": "openid",
        "value": "70381061"
      },
      {
        "name": "个人号名称",
        "value": "李骏"
      },
      {
        "name": "昵称",
        "value": "李骏儿"
      }
    ],
    [
      {
        "name": "openid",
        "value": "66924636"
      },
      {
        "name": "个人号名称",
        "value": "李媛"
      },
      {
        "name": "昵称",
        "value": "李媛儿"
      }
    ],
    [
      {
        "name": "openid",
        "value": "75532119"
      },
      {
        "name": "个人号名称",
        "value": "赵伟"
      },
      {
        "name": "昵称",
        "value": "赵伟儿"
      }
    ],
    [
      {
        "name": "openid",
        "value": "60183869"
      },
      {
        "name": "个人号名称",
        "value": "赵龙"
      },
      {
        "name": "昵称",
        "value": "赵龙儿"
      }
    ],
    [
      {
        "name": "openid",
        "value": "59523536"
      },
      {
        "name": "个人号名称",
        "value": "赵赟"
      },
      {
        "name": "昵称",
        "value": "赵赟儿"
      }
    ],
    [
      {
        "name": "openid",
        "value": "91822882"
      },
      {
        "name": "个人号名称",
        "value": "赵丽"
      },
      {
        "name": "昵称",
        "value": "赵丽儿"
      }
    ],
    [
      {
        "name": "openid",
        "value": "31552989"
      },
      {
        "name": "个人号名称",
        "value": "赵飞"
      },
      {
        "name": "昵称",
        "value": "赵飞儿"
      }
    ]
  ],
  [
    [
      {
        "name": "账号",
        "value": "dejvriiwjlwzwvm"
      },
      {
        "name": "姓名",
        "value": "赵坤"
      },
      {
        "name": "收获地址",
        "value": "黑龙江省齐齐哈尔市龙沙区"
      },
      {
        "name": "手机号",
        "value": "15844647235"
      },
      {
        "name": "邮箱",
        "value": "未知"
      },
      {
        "name": "订单总数",
        "value": "1024"
      },
      {
        "name": "订单总金额",
        "value": "44075"
      },
      {
        "name": "购物车商品数量",
        "value": "4"
      },
      {
        "name": "收藏商品数量",
        "value": "6"
      }
    ],
    [
      {
        "name": "账号",
        "value": "puknhgwaaspmhmz"
      },
      {
        "name": "姓名",
        "value": "赵宇"
      },
      {
        "name": "收获地址",
        "value": "内蒙古阿鲁科尔沁旗"
      },
      {
        "name": "手机号",
        "value": "15875718877"
      },
      {
        "name": "邮箱",
        "value": "未知"
      },
      {
        "name": "订单总数",
        "value": "1070"
      },
      {
        "name": "订单总金额",
        "value": "47644"
      },
      {
        "name": "购物车商品数量",
        "value": "4"
      },
      {
        "name": "收藏商品数量",
        "value": "8"
      }
    ],
    [
      {
        "name": "账号",
        "value": "oyhdovhrfctrhpl"
      },
      {
        "name": "姓名",
        "value": "赵骏"
      },
      {
        "name": "收获地址",
        "value": "山西省晋城市城区"
      },
      {
        "name": "手机号",
        "value": "未知"
      },
      {
        "name": "邮箱",
        "value": "未知"
      },
      {
        "name": "订单总数",
        "value": "1009"
      },
      {
        "name": "订单总金额",
        "value": "56074"
      },
      {
        "name": "购物车商品数量",
        "value": "5"
      },
      {
        "name": "收藏商品数量",
        "value": "6"
      }
    ],
    [
      {
        "name": "账号",
        "value": "rmuklymejdchipe"
      },
      {
        "name": "姓名",
        "value": "赵媛"
      },
      {
        "name": "收获地址",
        "value": "内蒙古包头市昆都仑区"
      },
      {
        "name": "手机号",
        "value": "未知"
      },
      {
        "name": "邮箱",
        "value": "zulbgcfurq@gc.com"
      },
      {
        "name": "订单总数",
        "value": "1037"
      },
      {
        "name": "订单总金额",
        "value": "59467"
      },
      {
        "name": "购物车商品数量",
        "value": "5"
      },
      {
        "name": "收藏商品数量",
        "value": "6"
      }
    ],
    [
      {
        "name": "账号",
        "value": "qnzabnzgpkchsxr"
      },
      {
        "name": "姓名",
        "value": "徐伟"
      },
      {
        "name": "收获地址",
        "value": "河北省正定县"
      },
      {
        "name": "手机号",
        "value": "未知"
      },
      {
        "name": "邮箱",
        "value": "未知"
      },
      {
        "name": "订单总数",
        "value": "1082"
      },
      {
        "name": "订单总金额",
        "value": "59517"
      },
      {
        "name": "购物车商品数量",
        "value": "3"
      },
      {
        "name": "收藏商品数量",
        "value": "8"
      }
    ],
    [
      {
        "name": "账号",
        "value": "usmawqgotalswfs"
      },
      {
        "name": "姓名",
        "value": "徐龙"
      },
      {
        "name": "收获地址",
        "value": "山西省潞城市"
      },
      {
        "name": "手机号",
        "value": "15866630813"
      },
      {
        "name": "邮箱",
        "value": "zdmhemxmhy@gc.com"
      },
      {
        "name": "订单总数",
        "value": "1076"
      },
      {
        "name": "订单总金额",
        "value": "45314"
      },
      {
        "name": "购物车商品数量",
        "value": "4"
      },
      {
        "name": "收藏商品数量",
        "value": "5"
      }
    ],
    [
      {
        "name": "账号",
        "value": "dnzfrgtzxzywhpf"
      },
      {
        "name": "姓名",
        "value": "徐赟"
      },
      {
        "name": "收获地址",
        "value": "黑龙江省齐齐哈尔市龙沙区"
      },
      {
        "name": "手机号",
        "value": "未知"
      },
      {
        "name": "邮箱",
        "value": "未知"
      },
      {
        "name": "订单总数",
        "value": "915"
      },
      {
        "name": "订单总金额",
        "value": "58815"
      },
      {
        "name": "购物车商品数量",
        "value": "4"
      },
      {
        "name": "收藏商品数量",
        "value": "5"
      }
    ],
    [
      {
        "name": "账号",
        "value": "litlulhnrxqnaei"
      },
      {
        "name": "姓名",
        "value": "徐丽"
      },
      {
        "name": "收获地址",
        "value": "山西省朔州市平鲁区"
      },
      {
        "name": "手机号",
        "value": "15865732426"
      },
      {
        "name": "邮箱",
        "value": "未知"
      },
      {
        "name": "订单总数",
        "value": "903"
      },
      {
        "name": "订单总金额",
        "value": "40729"
      },
      {
        "name": "购物车商品数量",
        "value": "3"
      },
      {
        "name": "收藏商品数量",
        "value": "9"
      }
    ]
  ],
  [
    [
      {
        "name": "账号",
        "value": "smksayxqbhnnsur"
      },
      {
        "name": "姓名",
        "value": "徐飞"
      },
      {
        "name": "性别",
        "value": "男"
      },
      {
        "name": "年龄",
        "value": "29"
      },
      {
        "name": "家庭地址",
        "value": "江苏省南京市江宁区"
      },
      {
        "name": "工作地址",
        "value": "河北省保定市市辖区"
      },
      {
        "name": "家庭情况",
        "value": "一般收入家庭"
      },
      {
        "name": "工作情况",
        "value": "工作不稳定但收入稳定"
      },
      {
        "name": "会员等级",
        "value": "VIP"
      },
      {
        "name": "手机",
        "value": "未知"
      },
      {
        "name": "邮箱",
        "value": "未知"
      },
      {
        "name": "微信号",
        "value": "30605756"
      },
      {
        "name": "QQ号",
        "value": "6363245522"
      },
      {
        "name": "微博号",
        "value": "hlmnsnnyou@gc.com"
      }
    ],
    [
      {
        "name": "账号",
        "value": "pwcwdqbprdwqcpl"
      },
      {
        "name": "姓名",
        "value": "徐坤"
      },
      {
        "name": "性别",
        "value": "男"
      },
      {
        "name": "年龄",
        "value": "41"
      },
      {
        "name": "家庭地址",
        "value": "内蒙古包头市昆都仑区"
      },
      {
        "name": "工作地址",
        "value": "浙江省宁波市海曙区"
      },
      {
        "name": "家庭情况",
        "value": "中等收入家庭"
      },
      {
        "name": "工作情况",
        "value": "工作不稳定但收入稳定"
      },
      {
        "name": "会员等级",
        "value": "非会员"
      },
      {
        "name": "手机",
        "value": "未知"
      },
      {
        "name": "邮箱",
        "value": "未知"
      },
      {
        "name": "微信号",
        "value": "26304945"
      },
      {
        "name": "QQ号",
        "value": "4573878676"
      },
      {
        "name": "微博号",
        "value": "未知"
      }
    ],
    [
      {
        "name": "账号",
        "value": "dmpvjzdavusutti"
      },
      {
        "name": "姓名",
        "value": "徐宇"
      },
      {
        "name": "性别",
        "value": "男"
      },
      {
        "name": "年龄",
        "value": "30"
      },
      {
        "name": "家庭地址",
        "value": "山西省晋城市城区"
      },
      {
        "name": "工作地址",
        "value": "河北省保定市市辖区"
      },
      {
        "name": "家庭情况",
        "value": "中等收入家庭"
      },
      {
        "name": "工作情况",
        "value": "工作不稳定但收入稳定"
      },
      {
        "name": "会员等级",
        "value": "非会员"
      },
      {
        "name": "手机",
        "value": "15857760533"
      },
      {
        "name": "邮箱",
        "value": "未知"
      },
      {
        "name": "微信号",
        "value": "41536597"
      },
      {
        "name": "QQ号",
        "value": "1328470673"
      },
      {
        "name": "微博号",
        "value": "bczenuffbd@gc.com"
      }
    ],
    [
      {
        "name": "账号",
        "value": "vvcvghtllufzode"
      },
      {
        "name": "姓名",
        "value": "徐骏"
      },
      {
        "name": "性别",
        "value": "男"
      },
      {
        "name": "年龄",
        "value": "40"
      },
      {
        "name": "家庭地址",
        "value": "河北省石家庄市长安区"
      },
      {
        "name": "工作地址",
        "value": "内蒙古包头市昆都仑区"
      },
      {
        "name": "家庭情况",
        "value": "一般收入家庭"
      },
      {
        "name": "工作情况",
        "value": "工作稳定但收入一般"
      },
      {
        "name": "会员等级",
        "value": "VIP"
      },
      {
        "name": "手机",
        "value": "15817712458"
      },
      {
        "name": "邮箱",
        "value": "未知"
      },
      {
        "name": "微信号",
        "value": "62488917"
      },
      {
        "name": "QQ号",
        "value": "2040089400"
      },
      {
        "name": "微博号",
        "value": "未知"
      }
    ],
    [
      {
        "name": "账号",
        "value": "ygxaawuretspmkw"
      },
      {
        "name": "姓名",
        "value": "徐媛"
      },
      {
        "name": "性别",
        "value": "女"
      },
      {
        "name": "年龄",
        "value": "29"
      },
      {
        "name": "家庭地址",
        "value": "内蒙古达尔罕茂明安联合旗"
      },
      {
        "name": "工作地址",
        "value": "上海市黄浦区"
      },
      {
        "name": "家庭情况",
        "value": "一般收入家庭"
      },
      {
        "name": "工作情况",
        "value": "工作不稳定且收入不稳定"
      },
      {
        "name": "会员等级",
        "value": "VIP"
      },
      {
        "name": "手机",
        "value": "未知"
      },
      {
        "name": "邮箱",
        "value": "未知"
      },
      {
        "name": "微信号",
        "value": "18850288"
      },
      {
        "name": "QQ号",
        "value": "7340597470"
      },
      {
        "name": "微博号",
        "value": "iitvbzteou@gc.com"
      }
    ],
    [
      {
        "name": "账号",
        "value": "vykxnzljugvpkml"
      },
      {
        "name": "姓名",
        "value": "何伟"
      },
      {
        "name": "性别",
        "value": "男"
      },
      {
        "name": "年龄",
        "value": "44"
      },
      {
        "name": "家庭地址",
        "value": "上海市黄浦区"
      },
      {
        "name": "工作地址",
        "value": "江苏省徐州市泉山区"
      },
      {
        "name": "家庭情况",
        "value": "中等收入家庭"
      },
      {
        "name": "工作情况",
        "value": "工作不稳定且收入不稳定"
      },
      {
        "name": "会员等级",
        "value": "非会员"
      },
      {
        "name": "手机",
        "value": "未知"
      },
      {
        "name": "邮箱",
        "value": "xtluazgxce@gc.com"
      },
      {
        "name": "微信号",
        "value": "41758569"
      },
      {
        "name": "QQ号",
        "value": "4916921539"
      },
      {
        "name": "微博号",
        "value": "lprjltpniv@gc.com"
      }
    ],
    [
      {
        "name": "账号",
        "value": "bddvxzoduvpktsd"
      },
      {
        "name": "姓名",
        "value": "何龙"
      },
      {
        "name": "性别",
        "value": "男"
      },
      {
        "name": "年龄",
        "value": "34"
      },
      {
        "name": "家庭地址",
        "value": "浙江省宁波市海曙区"
      },
      {
        "name": "工作地址",
        "value": "山西省临汾市尧都区"
      },
      {
        "name": "家庭情况",
        "value": "中等收入家庭"
      },
      {
        "name": "工作情况",
        "value": "工作稳定但收入一般"
      },
      {
        "name": "会员等级",
        "value": "普通"
      },
      {
        "name": "手机",
        "value": "未知"
      },
      {
        "name": "邮箱",
        "value": "lsxabhhzux@gc.com"
      },
      {
        "name": "微信号",
        "value": "22163432"
      },
      {
        "name": "QQ号",
        "value": "4925366017"
      },
      {
        "name": "微博号",
        "value": "未知"
      }
    ],
    [
      {
        "name": "账号",
        "value": "bstpcaqqlbdbmce"
      },
      {
        "name": "姓名",
        "value": "何赟"
      },
      {
        "name": "性别",
        "value": "男"
      },
      {
        "name": "年龄",
        "value": "25"
      },
      {
        "name": "家庭地址",
        "value": "辽宁省沈阳市新城子区"
      },
      {
        "name": "工作地址",
        "value": "内蒙古包头市昆都仑区"
      },
      {
        "name": "家庭情况",
        "value": "中等收入家庭"
      },
      {
        "name": "工作情况",
        "value": "工作不稳定且低收入"
      },
      {
        "name": "会员等级",
        "value": "VIP"
      },
      {
        "name": "手机",
        "value": "15852284337"
      },
      {
        "name": "邮箱",
        "value": "未知"
      },
      {
        "name": "微信号",
        "value": "53627974"
      },
      {
        "name": "QQ号",
        "value": "7993325125"
      },
      {
        "name": "微博号",
        "value": "sffpzqbgmx@gc.com"
      }
    ]
  ],
  [
    [
      {
        "name": "账号",
        "value": "ysgjoqyzutdqcun"
      },
      {
        "name": "姓名",
        "value": "何丽"
      },
      {
        "name": "收获地址",
        "value": "河北省石家庄市长安区"
      },
      {
        "name": "手机号",
        "value": "15885382503"
      },
      {
        "name": "邮箱",
        "value": "xowupvoxly@gc.com"
      },
      {
        "name": "订单总数",
        "value": "925"
      },
      {
        "name": "订单总金额",
        "value": "46128"
      },
      {
        "name": "购物车商品数量",
        "value": "4"
      },
      {
        "name": "收藏商品数量",
        "value": "7"
      }
    ],
    [
      {
        "name": "账号",
        "value": "ytbveeqydiemfmc"
      },
      {
        "name": "姓名",
        "value": "何飞"
      },
      {
        "name": "收获地址",
        "value": "浙江省宁波市海曙区"
      },
      {
        "name": "手机号",
        "value": "15873154343"
      },
      {
        "name": "邮箱",
        "value": "ttlclzhbum@gc.com"
      },
      {
        "name": "订单总数",
        "value": "1061"
      },
      {
        "name": "订单总金额",
        "value": "49040"
      },
      {
        "name": "购物车商品数量",
        "value": "5"
      },
      {
        "name": "收藏商品数量",
        "value": "8"
      }
    ],
    [
      {
        "name": "账号",
        "value": "kndbxlaplqopotx"
      },
      {
        "name": "姓名",
        "value": "何坤"
      },
      {
        "name": "收获地址",
        "value": "江苏省南京市江宁区"
      },
      {
        "name": "手机号",
        "value": "未知"
      },
      {
        "name": "邮箱",
        "value": "zkvkyoqlbv@gc.com"
      },
      {
        "name": "订单总数",
        "value": "971"
      },
      {
        "name": "订单总金额",
        "value": "51715"
      },
      {
        "name": "购物车商品数量",
        "value": "3"
      },
      {
        "name": "收藏商品数量",
        "value": "9"
      }
    ],
    [
      {
        "name": "账号",
        "value": "gktttraqtkjpdme"
      },
      {
        "name": "姓名",
        "value": "何宇"
      },
      {
        "name": "收获地址",
        "value": "辽宁省沈阳市新城子区"
      },
      {
        "name": "手机号",
        "value": "未知"
      },
      {
        "name": "邮箱",
        "value": "未知"
      },
      {
        "name": "订单总数",
        "value": "1056"
      },
      {
        "name": "订单总金额",
        "value": "42154"
      },
      {
        "name": "购物车商品数量",
        "value": "4"
      },
      {
        "name": "收藏商品数量",
        "value": "9"
      }
    ],
    [
      {
        "name": "账号",
        "value": "xmkflxqcamywrko"
      },
      {
        "name": "姓名",
        "value": "何骏"
      },
      {
        "name": "收获地址",
        "value": "吉林省长春市宽城区"
      },
      {
        "name": "手机号",
        "value": "未知"
      },
      {
        "name": "邮箱",
        "value": "未知"
      },
      {
        "name": "订单总数",
        "value": "1008"
      },
      {
        "name": "订单总金额",
        "value": "45446"
      },
      {
        "name": "购物车商品数量",
        "value": "3"
      },
      {
        "name": "收藏商品数量",
        "value": "9"
      }
    ],
    [
      {
        "name": "账号",
        "value": "xfntjxkxcycohfk"
      },
      {
        "name": "姓名",
        "value": "何媛"
      },
      {
        "name": "收获地址",
        "value": "吉林省长春市宽城区"
      },
      {
        "name": "手机号",
        "value": "15884651624"
      },
      {
        "name": "邮箱",
        "value": "未知"
      },
      {
        "name": "订单总数",
        "value": "1012"
      },
      {
        "name": "订单总金额",
        "value": "59135"
      },
      {
        "name": "购物车商品数量",
        "value": "3"
      },
      {
        "name": "收藏商品数量",
        "value": "8"
      }
    ],
    [
      {
        "name": "账号",
        "value": "gczvelciylsalce"
      },
      {
        "name": "姓名",
        "value": "曹伟"
      },
      {
        "name": "收获地址",
        "value": "内蒙古包头市昆都仑区"
      },
      {
        "name": "手机号",
        "value": "未知"
      },
      {
        "name": "邮箱",
        "value": "eeqrkqgzds@gc.com"
      },
      {
        "name": "订单总数",
        "value": "979"
      },
      {
        "name": "订单总金额",
        "value": "51534"
      },
      {
        "name": "购物车商品数量",
        "value": "3"
      },
      {
        "name": "收藏商品数量",
        "value": "8"
      }
    ],
    [
      {
        "name": "账号",
        "value": "cfgawvxbwfecrip"
      },
      {
        "name": "姓名",
        "value": "曹龙"
      },
      {
        "name": "收获地址",
        "value": "辽宁省沈阳市新城子区"
      },
      {
        "name": "手机号",
        "value": "15873484308"
      },
      {
        "name": "邮箱",
        "value": "vmdcpazbyx@gc.com"
      },
      {
        "name": "订单总数",
        "value": "976"
      },
      {
        "name": "订单总金额",
        "value": "53114"
      },
      {
        "name": "购物车商品数量",
        "value": "3"
      },
      {
        "name": "收藏商品数量",
        "value": "8"
      }
    ]
  ]
]